month,NSW_ULP,NSW_E10,NSW_PULP95,NSW_PULP98,NSW_Diesel,NSW_LPG,QLD_ULP,QLD_E10,QLD_PULP95,QLD_PULP98,QLD_Diesel,QLD_LPG,WA_ULP,WA_E10,WA_PULP95,WA_PULP98,WA_Diesel,WA_LPG,Perth_ULP,Perth_E10,Perth_PULP95,Perth_PULP98,Perth_Diesel,Perth_LPG,NT_ULP,NT_E10,NT_PULP95,NT_PULP98,NT_Diesel,NT_LPG,Darwin_ULP,Darwin_E10,Darwin_PULP95,Darwin_PULP98,Darwin_Diesel,Darwin_LPG,NSW_ULP_sites,NSW_E10_sites,NSW_PULP95_sites,NSW_PULP98_sites,NSW_Diesel_sites,NSW_LPG_sites,QLD_ULP_sites,QLD_E10_sites,QLD_PULP95_sites,QLD_PULP98_sites,QLD_Diesel_sites,QLD_LPG_sites,WA_ULP_sites,WA_E10_sites,WA_PULP95_sites,WA_PULP98_sites,WA_Diesel_sites,WA_LPG_sites,Perth_ULP_sites,Perth_E10_sites,Perth_PULP95_sites,Perth_PULP98_sites,Perth_Diesel_sites,Perth_LPG_sites,NT_ULP_sites,NT_E10_sites,NT_PULP95_sites,NT_PULP98_sites,NT_Diesel_sites,NT_LPG_sites,Darwin_ULP_sites,Darwin_E10_sites,Darwin_PULP95_sites,Darwin_PULP98_sites,Darwin_Diesel_sites,Darwin_LPG_sites,n_days
2015-01,,,,,,,,,,,,,122.9991,112.9994,132.1106,136.1444,137.3125,86.3924,115.2698,110.4938,125.7665,131.3036,135.5769,77.7974,,,,,,,,,,,,,,,,,,,,,,,,,545,22,363,396,567,311,307,19,239,268,314,212,,,,,,,,,,,,,31
2015-02,,,,,,,,,,,,,123.7884,114.3216,133.8171,138.1899,131.6653,83.3063,119.1238,113.1108,129.7936,135.5014,129.6214,74.1228,,,,,,,,,,,,,,,,,,,,,,,,,546,22,364,397,569,307,307,19,239,268,314,209,,,,,,,,,,,,,28
2015-03,,,,,,,,,,,,,132.2036,124.8622,142.5399,147.4045,134.1473,84.5219,129.3978,124.8412,140.2612,145.9766,131.6232,75.6803,,,,,,,,,,,,,,,,,,,,,,,,,546,22,363,399,570,305,306,19,238,268,313,208,,,,,,,,,,,,,31
2015-04,,,,,,,,,,,,,132.8585,125.2057,143.173,148.0892,135.2713,85.2731,129.5842,125.0144,140.5718,146.4236,133.2875,76.7993,,,,,,,,,,,,,,,,,,,,,,,,,544,22,361,402,569,305,305,19,238,269,313,209,,,,,,,,,,,,,30
2015-05,,,,,,,,,,,,,137.8002,131.2402,148.0357,153.3587,137.4333,84.5477,135.428,131.2588,146.2459,152.2682,135.489,75.8833,,,,,,,,,,,,,,,,,,,,,,,,,543,22,360,402,567,304,305,19,238,269,312,208,,,,,,,,,,,,,31
2015-06,,,,,,,,,,,,,140.6327,132.5052,150.79,156.4296,138.8291,84.187,138.0415,132.1312,149.0029,155.201,136.4558,75.3736,,,,,,,,,,,,,,,,,,,,,,,,,543,22,360,403,569,303,304,19,237,269,312,207,,,,,,,,,,,,,30
2015-07,,,,,,,,,,,,,140.3381,133.518,150.4644,156.3981,139.1319,83.4189,137.5881,133.2906,148.4893,155.0291,137.1747,74.7115,,,,,,,,,,,,,,,,,,,,,,,,,546,22,362,407,574,302,306,19,240,272,315,208,,,,,,,,,,,,,31
2015-08,,,,,,,,,,,,,137.4568,129.6912,147.5476,153.3191,137.4527,82.7745,133.7085,128.9343,144.6821,151.2233,135.7232,74.1721,,,,,,,,,,,,,,,,,,,,,,,,,547,22,361,408,576,300,307,19,240,273,317,207,,,,,,,,,,,,,31
2015-09,,,,,,,,,,,,,133.6813,122.7,143.8625,149.3039,135.5638,81.2208,129.0858,121.0828,140.2427,146.6263,133.6808,72.2422,,,,,,,,,,,,,,,,,,,,,,,,,546,22,357,410,577,299,307,19,239,275,317,208,,,,,,,,,,,,,30
2015-10,,,,,,,,,,,,,132.421,122.7422,142.3223,147.8038,134.9045,80.3261,127.3153,121.2188,138.2144,144.7937,132.8951,71.7137,,,,,,,,,,,,,,,,,,,,,,,,,546,22,356,411,579,296,307,19,238,275,317,207,,,,,,,,,,,,,31
2015-11,,,,,,,,,,,,,128.8597,117.9234,138.6049,144.0816,133.1503,78.8171,122.6581,115.8923,133.6461,140.3176,130.74,71.0409,,,,,,,,,,,,,,,,,,,,,,,,,547,22,354,413,581,283,307,19,238,275,317,203,,,,,,,,,,,,,30
2015-12,,,,,,,,,,,,,127.9985,118.5487,138.4591,143.6622,129.7342,80.4866,123.3727,117.1205,134.5596,141.1112,127.1389,73.2695,,,,,,,,,,,,,,,,,,,,,,,,,552,22,358,417,588,284,310,19,241,278,323,203,,,,,,,,,,,,,31
2016-01,,,,,,,,,,,,,123.5582,114.8674,133.8569,139.0491,124.3344,79.8199,118.4657,113.3696,129.5268,136.0981,122.084,72.472,,,,,,,,,,,,,,,,,,,,,,,,,553,22,358,419,591,284,311,19,241,280,324,204,,,,,,,,,,,,,31
2016-02,,,,,,,,,,,,,116.649,107.536,126.4968,131.6878,118.1049,77.7495,110.2223,105.6216,121.0979,127.7406,115.8014,69.9987,,,,,,,,,,,,,,,,,,,,,,,,,552,22,357,418,590,281,310,19,241,279,323,202,,,,,,,,,,,,,29
2016-03,,,,,,,,,,,,,115.8873,108.7969,126.1752,131.388,115.0665,76.508,111.0595,107.6233,121.9964,128.7044,112.4894,68.6796,,,,,,,,,,,,,,,,,,,,,,,,,550,22,355,418,588,279,310,19,239,279,323,202,,,,,,,,,,,,,31
2016-04,,,,,,,,,,,,,115.9426,108.6486,126.3599,131.6644,114.8532,75.839,111.1166,107.7613,122.3177,129.0923,112.1331,67.8826,,,,,,,,,,,,,,,,,,,,,,,,,551,21,355,418,589,278,309,18,239,278,323,201,,,,,,,,,,,,,30
2016-05,,,,,,,,,,,,,118.1938,111.2269,128.7366,134.2208,117.3081,75.3425,113.6348,110.5573,125.0253,131.8474,114.4154,67.1677,,,,,,,,,,,,,,,,,,,,,,,,,554,21,359,422,592,276,310,18,241,279,324,200,,,,,,,,,,,,,31
2016-06,,,,,,,,,,,,,125.4397,118.1361,137.0353,142.1878,124.8336,76.895,123.1991,117.7657,135.0361,141.6162,123.8747,69.2848,,,,,,,,,,,,,,,,,,,,,,,,,553,20,358,423,591,271,310,17,242,281,324,196,,,,,,,,,,,,,30
2016-07,,,,,,,,,,,,,123.0816,115.3404,134.6175,139.5809,125.6378,76.79,120.0602,114.6558,131.8478,138.5078,125.3711,69.2207,,,,,,,,,,,,,,,,,,,,,,,,,556,20,357,430,593,271,312,16,243,284,326,196,,,,,,,,,,,,,31
2016-08,112.037,108.5235,123.9826,129.7973,116.2304,64.9322,,,,,,,117.7091,111.3352,128.7373,133.7018,122.3188,74.8453,113.017,110.4809,124.6177,131.4412,121.2143,66.7637,,,,,,,,,,,,,1189,1011,1007,1163,709,254,,,,,,,560,20,359,434,597,269,315,16,245,288,329,195,,,,,,,,,,,,,31
2016-09,116.787,113.8885,128.778,134.8667,116.4811,64.5365,,,,,,,116.6875,108.6012,127.1382,132.3401,122.0569,74.2535,111.2783,106.9408,122.6443,129.5308,120.9601,65.9991,,,,,,,,,,,,,1326,1107,1063,1265,771,305,,,,,,,562,20,360,437,600,270,318,16,247,291,332,196,,,,,,,,,,,,,30
2016-10,121.7828,119.5697,134.599,140.6755,119.5958,64.4926,,,,,,,119.4516,112.7453,130.3062,135.6305,123.5695,75.3,114.515,111.4178,126.1669,133.0969,122.4404,66.9615,,,,,,,,,,,,,1345,1145,1095,1308,852,250,,,,,,,564,20,361,439,602,264,320,16,248,294,333,191,,,,,,,,,,,,,31
2016-11,123.4562,120.9217,136.422,142.3034,122.1291,67.9663,,,,,,,126.1743,121.361,138.3785,143.4227,126.9319,84.6856,123.5807,120.4704,136.0126,142.4898,126.4831,78.2208,,,,,,,,,,,,,1525,1312,1276,1489,970,551,,,,,,,567,20,362,442,605,249,323,16,249,298,336,176,,,,,,,,,,,,,30
2016-12,126.1577,124.0633,139.2077,145.2626,124.3287,68.1471,,,,,,,128.7675,124.9019,141.1236,146.3405,129.9793,85.5296,127.0334,124.5897,139.4967,146.0313,130.5727,79.1425,,,,,,,,,,,,,1304,1099,1057,1252,772,240,,,,,,,570,20,364,447,609,244,326,16,252,301,340,171,,,,,,,,,,,,,31
2017-01,133.6603,131.5096,146.7165,152.8739,129.3285,74.2687,,,,,,,134.568,129.4556,147.2829,152.4888,134.3793,87.3836,133.6179,129.1478,146.385,152.7932,134.3877,81.4753,,,,,,,,,,,,,1521,1211,1203,1426,1029,447,,,,,,,571,20,365,449,610,241,327,16,253,303,341,169,,,,,,,,,,,,,31
2017-02,131.8895,128.8692,145.0893,150.9988,129.2041,75.7264,,,,,,,134.0721,130.1009,146.74,151.9619,134.1539,88.1783,132.4877,129.693,145.4244,151.8016,133.3316,82.2618,,,,,,,,,,,,,1376,1172,1110,1338,647,470,,,,,,,572,20,364,451,610,240,329,16,253,305,343,169,,,,,,,,,,,,,28
2017-03,126.0543,122.4106,138.5807,144.4238,128.5159,75.5956,,,,,,,131.601,126.4635,144.1805,149.314,133.066,88.1545,129.3024,125.5131,142.2825,148.6249,132.3043,82.3145,,,,,,,,,,,,,1286,1163,1044,1277,534,388,,,,,,,577,20,366,456,616,240,332,16,254,308,346,170,,,,,,,,,,,,,31
2017-04,126.9119,124.0351,139.8277,145.9752,127.3884,72.6212,,,,,,,129.1103,123.5972,141.2752,146.4911,131.7977,88.0026,126.0914,122.7009,138.8071,145.3297,131.0914,82.1252,,,,,,,,,,,,,1372,1200,1107,1328,721,280,,,,,,,577,20,363,455,616,239,333,16,253,308,347,170,,,,,,,,,,,,,30
2017-05,126.1016,123.2717,139.4674,145.2835,126.9591,70.9466,,,,,,,128.9694,122.7084,141.3376,146.3851,131.6187,87.6695,125.9414,121.7244,138.785,145.2224,130.8258,81.8188,,,,,,,,,,,,,1212,1114,970,1213,582,260,,,,,,,579,20,365,460,619,237,335,16,255,312,350,170,,,,,,,,,,,,,31
2017-06,125.0971,122.1434,138.295,144.1716,125.0369,69.5614,,,,,,,127.6342,123.3788,139.6634,145.0394,130.9903,87.54,124.1519,121.7688,136.8187,143.5659,130.0942,81.5976,,,,,,,,,,,,,1246,1133,983,1220,592,235,,,,,,,584,15,381,466,625,235,338,15,269,317,354,169,,,,,,,,,,,,,30
2017-07,120.2443,116.4623,133.0658,138.8613,123.7844,69.746,,,,,,,123.5022,,134.8109,140.4883,129.443,87.4279,118.5306,,130.9889,137.8593,128.3001,81.3032,,,,,,,,,,,,,1422,1199,1114,1341,771,368,,,,,,,585,,389,468,629,235,340,,275,319,359,169,,,,,,,,,,,,,31
2017-08,122.5119,119.3705,135.5845,141.5372,125.1164,72.0807,,,,,,,126.5124,,138.6279,144.054,128.7529,87.1536,123.2591,,136.0178,142.6704,127.1203,80.8839,,,,,,,,,,,,,1352,1196,1070,1309,765,556,,,,,,,586,,389,468,630,234,340,,275,319,359,168,,,,,,,,,,,,,31
2017-09,125.4581,122.7157,138.6929,144.9981,125.6532,73.1937,,,,,,,129.2446,,141.7882,147.2203,129.0121,87.057,127.1059,,139.9715,146.6817,127.191,80.5782,,,,,,,,,,,,,1387,1220,1085,1349,767,554,,,,,,,588,,392,470,635,234,341,,276,320,361,167,,,,,,,,,,,,,30
2017-10,130.367,128.7208,144.0685,150.5849,127.6088,77.2741,,,,,,,130.9851,,143.7769,149.2365,130.9406,92.5466,129.2572,,142.2856,149.0292,129.0107,87.1228,,,,,,,,,,,,,1391,1200,1087,1336,827,568,,,,,,,593,,395,476,647,235,344,,278,323,365,167,,,,,,,,,,,,,31
2017-11,136.3039,134.7686,149.8131,156.484,132.4924,80.3317,,,,,,,136.6909,,149.9344,155.3299,135.7914,95.2075,135.6019,,148.8598,155.5656,134.0861,89.7805,152.7633,140.0805,160.4816,173.0349,165.4556,123.4472,140.7702,140.3332,153.3908,168.5231,136.3785,116.567,1614,1285,1197,1495,1088,371,,,,,,,598,,396,479,655,232,345,,279,325,366,165,86,10,103,32,180,23,28,5,25,13,25,6,30
2017-12,137.9435,136.0154,151.7354,158.2558,135.3904,84.9833,,,,,,,138.8179,,151.6682,157.2449,140.1627,98.7617,137.334,,150.4041,157.2039,139.3708,93.6052,156.6605,144.9622,164.6913,177.3863,168.3641,124.5486,146.3484,145.5888,159.125,174.3517,142.3984,116.9774,1398,1129,1043,1310,989,466,,,,,,,603,,402,485,662,230,348,,282,328,369,164,86,10,105,32,184,24,28,5,25,13,25,6,31
2018-01,137.1947,134.9698,151.2805,157.4988,137.1246,85.3665,,,,,,,139.4678,,152.1927,157.7275,142.2948,100.1394,137.8524,,150.7749,157.5103,141.82,95.2644,157.4365,145.2936,165.4751,178.069,169.483,124.571,147.1664,146.1,159.9587,175.285,144.5952,117.067,1179,1064,902,1179,811,260,,,,,,,606,,405,487,666,229,350,,285,330,372,165,86,10,106,32,185,24,28,5,25,13,25,6,31
2018-02,135.2778,132.59,149.0289,155.2363,137.3905,83.8425,,,,,,,139.4615,,152.0574,157.5489,143.0703,100.0842,137.3615,,150.2191,157.0496,142.611,95.1596,157.4363,144.4999,165.7768,178.11,170.5414,124.5368,147.0611,145.5362,159.8234,175.1365,146.1726,116.722,1179,1098,904,1187,686,192,,,,,,,604,,403,486,525,228,349,,282,329,264,164,86,10,107,32,185,24,28,5,25,13,25,6,28
2018-03,133.7501,131.0774,147.6721,153.8496,136.4904,80.6915,,,,,,,138.2861,,150.8352,156.4691,142.4146,99.1114,135.7073,,148.8057,155.7032,141.6908,93.9521,156.9354,144.3796,165.4488,177.1325,170.7512,124.529,146.1148,145.3668,158.9443,173.438,146.8586,116.567,1232,1150,958,1252,545,342,,,,,,,605,,403,487,416,227,350,,283,330,188,163,86,10,107,32,185,24,28,5,25,13,25,6,31
2018-04,141.6888,139.604,155.6,161.9461,141.4788,79.6431,,,,,,,141.246,,153.8378,159.5129,144.9584,98.5787,138.8624,,151.9385,158.8616,144.0011,93.1249,158.4522,144.0315,166.5444,178.5474,171.8021,125.4564,147.5594,144.1933,160.0144,175.201,147.0784,116.567,1562,1257,1146,1469,1039,310,,,,,,,605,,404,489,416,225,351,,284,331,188,163,86,10,108,32,186,25,28,5,25,13,25,6,30
2018-05,147.951,145.7181,161.4657,167.9059,148.5088,80.2548,,,,,,,148.9449,,161.9152,167.49,152.5213,98.5894,147.2457,,160.5009,167.2257,152.1498,93.0657,161.554,148.8574,170.2388,180.913,175.0952,127.1101,150.0416,149.8214,163.178,177.257,149.1194,116.567,1697,1292,1200,1540,1180,226,,,,,,,605,,399,492,416,225,351,,280,332,188,163,87,10,109,32,187,26,28,5,25,13,25,6,31
2018-06,149.7227,146.5986,162.9117,169.2891,153.1786,82.7381,,,,,,,151.2804,,163.8555,169.6585,156.4363,100.3957,148.5179,,161.6727,168.6153,156.5423,95.1213,165.7142,153.109,174.4471,184.7901,178.888,127.2065,154.5015,154.678,168.046,181.7178,154.0839,116.5442,1628,1268,1172,1514,1062,343,,,,,,,607,,398,496,418,225,351,,280,332,188,163,87,10,110,32,187,26,28,5,25,13,25,6,30
2018-07,144.1722,140.9579,157.6564,163.9187,150.4371,82.0679,,,,,,,149.4256,,161.8207,167.6738,155.5275,100.2002,146.2948,,159.3925,166.3587,155.4324,94.9701,166.3268,153.12,174.7551,184.8096,179.231,127.2409,154.5862,154.7,168.1223,181.6851,154.2649,116.829,1299,1161,969,1299,531,262,,,,,,,609,,398,500,419,223,353,,282,334,188,162,87,10,111,32,189,27,28,5,25,13,25,7,31
2018-08,146.832,144.4693,160.8779,166.9256,150.0773,82.9733,,,,,,,147.8006,,159.5876,165.6945,154.8869,99.4782,143.8539,,156.7092,163.7922,154.1095,94.4775,165.7604,152.1511,174.5398,184.4644,179.3297,127.7522,153.6773,153.5619,167.025,180.7796,153.5365,115.3035,1276,1186,965,1300,520,253,,,,,,,615,,401,506,422,221,357,,285,338,189,162,87,10,111,33,191,25,28,5,25,13,25,7,31
2018-09,152.9168,150.7953,166.7163,172.9325,155.3175,85.1835,,,,,,,151.7715,,163.8906,169.8682,158.2693,100.2908,148.484,,161.4734,168.4967,157.7102,95.2586,165.9125,151.8587,175.6924,185.6377,181.1148,130.6862,153.8111,153.1569,167.0217,180.8909,154.2544,,1503,1237,1090,1421,917,434,,,,,,,620,,405,511,424,221,361,,289,342,191,162,89,10,112,33,191,21,28,5,26,13,25,,30
2018-10,157.4761,154.7779,170.9005,177.3604,162.923,89.6245,,,,,,,159.7541,,172.5734,178.1299,165.7578,103.5517,157.3895,,170.6498,177.4266,165.3372,98.5587,171.1147,157.2345,181.2212,190.398,187.3505,131.647,159.4769,158.9734,172.999,185.8489,164.265,,1706,1311,1221,1569,1150,494,,,,,,,621,,407,512,425,221,363,,291,344,192,162,89,10,112,33,191,21,28,5,26,13,25,,31
2018-11,143.8698,137.8312,156.0728,162.0142,160.5962,89.2063,,,,,,,150.6729,,162.4304,168.451,164.1943,103.9892,145.432,,158.6292,165.4878,163.4053,98.7285,167.7089,153.105,178.4866,186.7168,188.6743,132.1075,154.0619,153.5029,167.4996,180.6507,160.9015,,1662,1327,1198,1564,1049,333,,,,,,,625,,409,515,429,220,365,,292,346,193,162,90,10,113,34,192,21,28,5,26,13,25,,30
2018-12,135.4271,130.7163,148.5102,154.5253,149.1277,84.2184,135.3285,131.6448,148.1335,154.4477,145.9622,91.1047,136.3779,,147.6249,153.6608,153.0406,101.6589,129.4008,,142.5714,149.4687,150.8649,95.9519,158.6246,141.0145,170.2109,177.9163,183.1671,131.2796,141.0343,139.2426,154.051,168.7663,150.0546,,1710,1328,1221,1594,1121,435,1211,688,764,956,867,340,630,,412,519,434,219,367,,294,347,194,160,90,10,114,35,193,21,28,5,26,13,25,,31
2019-01,126.8811,121.4999,139.4193,145.5357,142.7499,80.7234,128.3215,123.6067,140.25,146.2676,140.458,89.9244,133.4549,,145.1192,150.8857,145.1939,98.8399,127.8125,,141.0685,147.8468,140.2703,92.5921,150.5738,128.7437,162.5733,169.2736,177.6322,131.4832,128.9055,125.4912,141.4487,157.4405,139.317,,1663,1319,1197,1565,1093,388,1227,700,772,969,870,319,634,,414,522,437,217,368,,294,348,195,159,91,10,114,35,194,21,28,5,26,13,25,,31
2019-02,130.3142,127.4811,143.866,150.3137,142.9164,79.6574,130.7212,127.1697,142.8282,149.1935,142.453,89.5927,134.5317,,146.6406,152.2239,146.1385,97.298,129.8389,,143.2562,149.9678,142.1911,90.8922,150.0455,127.7609,160.6461,167.9946,177.1028,131.8848,127.5989,124.7,139.9765,156.1776,138.7549,,1421,1287,1075,1434,812,216,1183,699,743,958,818,310,633,,413,521,438,216,368,,293,348,196,159,93,10,115,35,196,21,29,5,27,13,26,,28
2019-03,134.8914,132.1444,148.4195,155.0954,147.1828,80.6572,139.0566,135.8393,151.2309,157.9302,147.0755,89.4575,140.2764,,152.8826,158.4352,149.8738,96.5683,137.0803,,150.448,157.3184,146.6552,89.872,154.2818,133.7106,164.0393,176.5558,179.2282,131.9499,134.3907,132.1859,147.0776,169.9102,143.4176,,1304,1139,942,1279,843,137,1244,708,781,986,873,306,634,,413,522,440,216,369,,294,349,197,159,94,10,116,36,197,21,29,5,27,13,26,,31
2019-04,143.1027,140.2344,156.4567,162.9701,149.2307,80.9503,147.0307,143.9761,159.4905,166.0483,149.0149,89.8903,147.1904,,160.4468,165.8097,151.503,97.3042,145.8852,,159.3027,166.1283,148.8582,90.779,159.0607,139.46,167.6238,181.8957,180.5411,131.9188,140.8037,138.9405,153.4557,175.9318,146.0689,,1345,1115,956,1295,674,204,1286,721,804,1009,814,306,636,,415,524,442,215,371,,296,351,199,158,95,10,116,36,198,21,29,5,27,13,26,,30
2019-05,147.4066,144.5775,161.025,167.4502,150.9911,82.7087,149.7274,146.8228,162.4019,168.9327,150.552,89.8589,150.2838,,163.6264,169.066,153.492,98.2853,149.2593,,162.7705,169.552,150.9896,91.941,161.5054,141.5625,169.5772,183.5067,181.9321,132.2302,142.5512,140.7173,155.4516,177.5155,147.4062,,1353,1148,982,1299,669,166,1295,730,805,1009,745,303,638,,415,527,442,214,372,,297,352,199,157,95,10,116,36,199,21,29,5,27,13,26,,31
2019-06,141.2872,137.8695,154.9736,161.4909,148.9187,81.5802,143.1606,139.6932,156.0195,162.199,148.4497,89.2242,142.2921,,154.0877,160.4532,151.752,98.41,138.1161,,151.1932,158.4577,149.2088,91.892,161.8822,143.3244,169.7942,184.882,181.9371,132.7317,144.0258,143.3566,157.2167,179.98,146.6081,,1309,1163,972,1312,728,147,1304,738,801,1020,783,307,640,,416,530,442,212,373,,298,353,198,155,97,10,116,36,199,21,29,5,27,13,26,,30
2019-07,140.3218,137.1296,154.1151,160.8523,146.6955,78.1965,141.4705,137.9325,154.3319,160.8086,147.0201,88.2728,142.8237,,155.2325,161.5508,149.8371,96.9585,140.0011,,153.2891,160.5845,146.8948,90.1291,159.5166,139.0016,167.8574,182.6805,181.4312,132.819,139.4954,137.8249,152.7259,176.2434,145.9834,,1379,1229,998,1366,660,208,1317,751,802,1038,777,313,643,,420,533,443,208,377,,302,356,200,153,98,10,116,36,199,21,29,5,27,13,26,,31
2019-08,139.9618,137.1587,154.3892,160.5266,146.4759,76.9555,140.1431,136.1119,152.897,159.4938,146.7004,87.7655,142.2796,,154.5631,161.0926,149.3259,96.0717,139.2259,,152.5209,159.8563,145.8763,88.977,158.5985,138.1722,167.0169,184.4372,181.0611,132.819,138.3382,136.9972,151.4589,179.2325,146.0041,,1274,1188,921,1300,488,177,1276,753,779,1022,711,309,648,,423,539,446,205,380,,304,359,203,151,99,10,118,37,200,21,29,5,27,13,26,,31
2019-09,142.0304,139.3146,156.4541,162.8156,147.2006,75.5057,144.0957,141.1333,157.3998,164.3488,147.0219,87.2766,144.1328,,156.6516,163.1354,149.2818,95.667,141.6454,,154.9594,162.3314,145.5884,88.4175,158.8551,137.9779,167.0288,185.1735,180.6756,132.8626,139.4276,137.4596,152.5553,180.6886,145.8236,,1253,1164,909,1275,542,120,1240,755,759,1000,684,296,650,,425,540,447,205,382,,306,361,203,151,99,10,118,37,201,21,29,5,27,13,26,,30
2019-10,148.6867,146.398,163.6354,169.6279,149.8285,77.5884,152.1617,149.7368,165.255,172.4747,150.4029,87.7097,148.3385,,160.7249,167.4177,151.3685,95.8101,145.856,,159.0183,166.5244,147.8588,88.5847,163.2988,145.0771,171.0456,188.5728,180.8234,133.8473,146.8372,146.7005,160.3524,186.4894,145.063,,1464,1237,1033,1413,767,211,1344,784,809,1048,811,299,649,,426,540,446,203,380,,305,360,202,149,99,10,118,37,201,21,29,5,27,13,26,,31
2019-11,146.0049,143.2518,160.6881,167.1047,148.7398,78.9529,147.8424,144.5943,160.7657,167.8412,149.1459,87.5295,146.9739,,159.3097,166.0473,150.4701,96.0582,144.3698,,157.5667,165.0705,147.0397,88.8681,161.4113,141.5233,169.4215,186.9388,180.1171,134.267,142.6618,141.7244,156.0228,182.9622,143.8132,,1229,1155,905,1235,424,207,1254,775,754,1017,682,290,650,,427,541,446,201,381,,306,361,203,147,99,10,118,37,201,21,29,5,27,13,26,,30
2019-12,148.31,145.5976,162.5263,169.1381,148.4858,79.4378,149.1289,146.0262,162.0478,169.2149,149.1599,87.9335,147.3017,,159.6754,166.4469,150.1754,96.288,144.8768,,158.0182,165.6381,146.6915,88.9927,160.7646,140.5893,168.918,186.2365,179.9321,134.615,141.4345,140.4914,154.7392,181.8234,143.5969,,1182,1135,894,1222,457,179,1222,788,758,993,652,286,653,,430,545,446,199,385,,309,365,205,145,99,10,118,37,201,21,29,5,27,13,26,,31
2020-01,146.0473,143.7944,160.1281,167.0099,150.7633,86.8543,148.1196,145.1342,161.1989,168.2434,150.2076,92.0296,146.4864,,158.6629,165.4914,151.2369,101.3449,143.7247,,156.7909,164.3918,147.8844,94.6379,159.9649,139.4975,168.2861,185.4254,180.0662,134.7525,140.1592,139.256,153.4335,180.5333,143.4044,,1140,1172,809,1164,698,429,1216,778,754,991,724,291,654,,431,547,447,196,386,,310,367,206,142,99,10,118,37,201,21,29,5,27,13,26,,31
2020-02,142.5617,138.8925,156.9781,162.8735,147.7778,87.4349,143.9181,140.2657,156.7038,163.4361,148.1433,92.4497,140.5423,,151.9764,159.0359,149.2841,102.1749,135.6032,,148.719,156.2592,146.431,95.8267,157.7658,136.247,166.3593,183.0162,179.3172,135.0352,136.4611,134.7397,149.587,177.313,142.172,,1281,1230,862,1238,695,282,1295,798,788,1029,756,286,652,,430,546,447,196,384,,310,365,206,142,99,10,118,37,201,21,29,5,27,13,26,,29
2020-03,132.9956,129.2521,146.9976,153.0251,141.0625,85.3275,132.1425,126.807,144.5415,150.6642,141.2191,91.2129,130.5159,,141.251,148.3578,143.2943,101.1338,123.3128,,136.4301,143.9452,140.9746,94.7401,154.9245,133.5854,162.9353,178.2845,177.376,135.9173,132.6161,131.3562,145.6429,173.8868,139.0948,,1450,1251,1020,1416,872,154,1361,812,823,1062,837,280,648,,427,542,444,195,382,,307,363,205,140,99,10,118,37,202,20,29,5,27,13,26,,31
2020-04,114.3415,108.7669,127.8772,133.9211,128.3477,83.0015,108.5959,101.5975,120.8915,126.4927,127.9486,85.774,110.2312,,120.5785,127.8414,130.5235,98.0116,100.4999,,113.7342,121.3447,129.2709,91.1485,146.711,124.9279,153.7003,169.2726,170.2194,135.5234,125.3129,125.4549,138.1706,167.3136,132.7649,,1647,1321,1142,1562,1044,339,1403,820,845,1084,881,286,648,,425,544,445,194,380,,305,363,205,139,100,9,118,37,202,20,29,5,27,13,26,,30
2020-05,106.9751,103.7039,120.9197,127.0467,118.5497,78.802,107.799,104.3936,120.9689,127.606,118.6299,82.7918,109.0203,,120.8879,127.5346,121.5043,95.7514,103.0579,,116.4719,123.9532,118.5444,88.4006,138.0121,114.1193,145.1506,160.8179,161.2797,135.1795,113.7399,,126.1659,156.7975,122.9373,,1495,1245,1038,1419,909,338,1388,822,837,1079,866,273,652,,429,547,448,195,384,,308,366,207,140,100,9,118,38,202,20,29,,27,14,26,,31
2020-06,115.0763,113.2751,129.8843,136.487,116.6598,76.0778,118.4922,116.8781,132.0828,139.3927,117.6049,82.704,116.9494,,130.0422,136.3657,120.9147,95.4556,114.3277,,127.8957,135.2525,117.1899,88.0099,137.3451,113.7624,144.197,160.8159,158.6545,135.2121,113.0871,,124.6875,156.6375,115.4292,,1269,1136,903,1256,513,121,1343,822,817,1063,768,266,654,,431,548,450,194,384,,309,366,207,140,100,9,118,38,202,20,29,,27,14,26,,30
2020-07,119.3784,118.0334,134.8775,141.4375,118.1429,80.0922,122.6208,121.2551,136.4701,143.7007,118.7221,82.5376,121.9774,,135.7066,141.6689,121.9246,95.304,121.1228,,134.7428,141.9403,118.3989,87.6527,140.9114,119.5732,146.6057,165.114,157.2559,135.2534,119.7979,,132.0328,162.7251,115.7925,,1272,1232,865,1234,510,87,1310,814,807,1040,726,261,656,,432,550,451,191,386,,309,368,208,137,98,9,115,38,197,20,28,,26,14,25,,31
2020-08,117.1312,115.5426,132.4406,138.7688,118.1095,79.4233,122.8557,121.3681,136.7625,143.9367,118.4365,82.9143,119.3984,,132.5993,138.799,121.5567,94.9262,117.2436,,130.8313,138.0924,118.027,87.4093,140.8246,119.379,146.4126,164.977,158.8518,134.935,119.5092,,131.9797,162.043,118.5327,,1038,1080,758,1088,340,76,1202,795,749,1000,637,255,661,,435,556,455,189,390,,312,372,211,136,101,9,118,38,205,20,29,,27,14,26,,31
2020-09,119.6629,118.208,135.1789,141.0852,116.7764,79.2008,121.2423,119.4262,134.8108,142.1862,118.0389,83.3378,119.0571,,132.5098,138.5912,120.4897,94.7371,117.1353,,130.8935,138.0962,117.1798,87.15,141.4562,119.0321,145.5979,164.7262,158.3686,134.935,118.5139,,130.9835,161.258,118.2337,,1076,1104,812,1145,332,105,1214,798,761,1009,668,257,667,,437,561,462,188,394,,315,376,216,135,103,9,118,38,205,20,29,,27,14,26,,30
2020-10,119.6258,118.6626,135.6662,141.9045,116.0408,77.8954,121.9952,120.692,135.8574,143.466,116.8963,82.396,119.3485,,132.9765,139.009,119.5608,94.5084,117.8328,,131.6094,138.935,116.5706,86.7932,141.1547,118.7359,145.1615,164.5753,157.4784,134.9709,118.4309,,130.855,161.2196,118.2383,,1058,1078,791,1129,395,143,1206,790,752,992,652,256,666,,435,561,463,183,394,,314,377,217,132,104,9,119,38,206,20,29,,27,14,26,,31
2020-11,118.6825,117.2991,134.8852,140.6123,116.0835,80.2506,119.8575,118.222,133.8292,141.0944,116.1506,82.7349,117.6918,,131.1411,137.3084,118.8498,94.4512,115.6453,,129.4279,136.819,115.9756,86.6813,140.4183,117.3487,144.4359,162.9,156.8404,135.3773,117.6674,,130.0982,159.6085,118.292,,1106,1102,817,1151,413,240,1161,781,723,974,622,249,666,,435,560,465,179,394,,313,378,217,129,103,9,119,38,207,20,29,,27,14,26,,30
2020-12,122.0955,120.7249,138.1916,144.4863,118.815,80.3142,122.3178,120.9914,136.6496,144.0448,117.1842,83.323,120.1802,,133.8591,140.0687,120.0713,94.6459,118.907,,132.7575,140.2081,116.8051,86.7939,140.5149,,144.6289,162.9626,157.3361,135.38,117.1116,,129.4742,160.0303,118.416,,1152,1137,845,1186,643,154,1263,823,778,1036,739,252,668,,437,562,468,177,395,,314,379,219,127,103,,119,46,207,20,29,,27,18,26,,31
2021-01,122.9061,121.4939,138.1351,144.7404,121.5667,83.26,125.9125,124.5276,140.0465,147.5448,120.0462,87.181,123.481,,137.0606,143.4375,122.4575,97.3834,122.3546,,136.1267,143.6321,118.9773,89.8842,142.2568,,146.4395,164.4845,158.3984,135.6407,119.1866,,131.8555,161.9678,119.9835,,1271,1111,867,1249,715,288,1332,846,819,1063,792,254,670,,438,564,468,176,397,,315,381,219,126,103,,119,46,207,20,29,,27,18,26,,31
2021-02,130.2708,129.208,145.0646,152.1113,126.8785,86.3164,131.6047,130.3559,145.8331,153.2909,126.2637,89.5947,130.952,,144.9024,151.1901,127.9063,102.8834,130.3428,,144.1342,151.5985,124.904,96.1284,147.6648,,151.8755,171.2204,161.0871,136.0189,127.4753,,140.519,169.8988,125.4424,,1455,1220,1005,1386,901,245,1395,849,846,1095,875,253,669,,437,563,468,175,396,,314,380,219,126,103,,119,46,208,20,29,,27,18,26,,28
2021-03,136.5992,135.9314,151.6831,158.6038,132.7231,88.169,137.9983,136.4752,152.1113,159.4709,132.9176,92.1012,137.9747,,151.7475,158.1726,134.0934,109.6633,137.2652,,150.9387,158.4812,131.2584,104.0402,153.2001,,158.1431,177.9191,164.9196,137.6085,134.5361,,147.9105,176.5475,131.5093,,1581,1288,1079,1503,977,263,1416,851,855,1102,895,254,670,,436,564,470,169,397,,313,381,221,120,103,,120,46,208,20,29,,27,18,26,,31
2021-04,141.1062,140.012,156.6961,163.3084,135.1824,88.557,141.2051,139.6883,155.3345,162.6875,134.2041,92.3127,140.2989,,154.0933,160.5051,135.1481,110.4571,139.5527,,153.3223,160.7549,132.0795,105.0475,157.2234,,162.673,182.1465,166.7551,138.085,139.8583,,153.4154,181.537,132.5786,,1264,1095,865,1223,628,193,1326,831,819,1047,764,238,671,,437,566,470,161,399,,315,384,223,114,103,,120,46,208,20,29,,27,18,26,,30
2021-05,141.4704,140.2117,157.0528,163.5052,136.1433,85.0345,142.2658,140.4084,156.1385,163.6808,134.9919,92.209,139.9443,,153.4068,160.0482,135.5351,110.1819,138.5071,,152.2463,159.823,132.0411,104.4673,157.1026,,162.7701,182.4175,166.9111,138.0967,139.8174,,153.3749,181.8142,133.7499,,1114,1048,799,1155,517,84,1246,812,783,1008,693,231,675,,440,569,474,157,402,,317,386,225,112,101,,117,45,203,20,29,,27,18,26,,31
2021-06,143.9125,142.1683,158.9518,165.3826,139.2194,85.6582,145.7354,144.2782,159.9092,167.374,138.8648,92.6617,142.0445,,155.4579,162.0882,137.9475,110.5301,140.7629,,154.4575,161.9741,134.2809,104.5802,158.326,,164.4823,183.5277,171.3918,138.4719,140.0265,,153.5832,181.7108,141.6123,,1223,1140,886,1270,796,68,1363,853,842,1080,848,230,677,,441,569,475,150,403,,317,386,226,107,103,,120,46,208,20,29,,27,18,26,,30
2021-07,150.5826,149.4777,165.4457,172.8664,144.4302,89.1668,149.7496,147.4941,163.3256,171.0851,144.7081,93.5127,149.224,,162.6589,169.6449,143.4554,112.2322,148.4969,,162.1324,169.7629,139.8499,106.8252,163.9024,,170.4257,189.7705,174.642,138.6612,148.0328,,161.4642,189.2246,146.1075,,1411,1148,959,1336,949,141,1437,869,880,1122,910,228,676,,440,575,473,144,403,,318,388,226,102,102,,120,46,208,20,28,,27,18,25,,31
2021-08,151.9835,150.5589,167.573,173.6701,147.5229,90.676,153.3289,151.7671,167.5437,175.1426,146.6128,94.1769,149.8282,,162.7516,169.8893,145.1112,113.724,148.0884,,161.582,169.2892,141.5924,108.4376,166.5595,,173.7144,192.7534,177.0477,139.72,151.4039,,164.4156,191.6246,150.9904,,1091,951,780,1078,672,198,1382,868,855,1093,829,220,674,,440,574,471,139,403,,320,388,225,98,102,,120,46,208,19,28,,27,18,25,,31
2021-09,156.4221,155.5314,173.1575,178.8672,149.8594,92.2198,155.876,154.7175,170.3529,177.9391,148.7243,94.8742,152.3542,,165.907,172.6108,146.8151,114.5972,151.3565,,165.0567,172.6078,143.7218,109.7101,167.1667,,174.5163,193.2419,178.7189,140.6808,151.8551,,164.9461,192.1718,153.8899,,974,903,686,976,704,179,1290,845,809,1045,777,215,674,,438,576,472,135,402,,318,388,224,95,103,,120,46,208,19,28,,27,18,25,,30
2021-10,159.6801,157.0572,174.2041,178.8065,157.4304,99.9216,162.1416,160.4599,176.2026,183.8732,158.1454,107.1539,161.6704,,175.2478,181.9316,157.8605,122.5419,160.8567,,174.6093,182.122,155.3669,118.4386,173.2719,,180.6336,198.5838,183.5945,141.6593,160.367,,173.3919,197.818,160.6241,,1293,994,839,1233,1038,381,1439,883,884,1135,908,224,675,,440,578,473,131,403,,320,389,225,92,103,,120,46,208,19,28,,27,18,25,,31
2021-11,165.116,163.3221,178.5232,184.4249,163.6557,105.3941,168.7278,166.6484,182.5247,190.2401,163.51,111.045,168.3913,,181.6453,188.5584,164.8415,128.161,166.8042,,180.491,188.1278,163.1897,124.1154,180.4263,,188.0368,203.692,188.4617,144.1682,169.2512,,182.4959,204.4317,165.374,,1435,884,780,1191,843,347,1429,881,878,1133,875,214,675,,439,578,473,129,400,,318,386,223,90,103,,120,47,208,19,28,,27,18,25,,30
2021-12,167.9222,165.869,177.7727,182.5798,162.5933,106.0829,161.321,158.4239,174.8377,182.3455,161.4132,111.8135,163.7775,,176.7097,183.7245,162.5826,129.5935,161.7092,,175.3794,182.9631,160.9185,125.6807,180.5053,,187.992,203.621,189.0176,145.5123,169.2041,,182.4403,204.3264,165.3877,,1100,772,499,823,493,215,1319,861,833,1082,752,212,679,,443,582,476,127,402,,320,389,223,88,103,,120,47,207,19,28,,27,18,25,,31
2022-01,168.0541,165.0629,178.5259,183.4521,165.2902,107.3619,168.4346,166.8842,182.8894,190.3708,164.5847,111.9516,167.7079,,181.2514,187.9539,164.4493,129.596,166.9541,,180.8235,188.2584,162.5454,125.7379,181.203,,188.7365,204.6482,190.3615,147.0844,170.0987,,183.3545,205.1524,167.8652,,1086,813,523,813,578,80,1325,859,839,1086,759,193,682,,445,585,477,125,404,,322,391,224,86,103,,120,47,207,19,28,,27,18,25,,31
2022-02,176.8745,174.9896,186.9805,191.4539,175.9813,107.3557,178.6379,176.257,192.23,199.8256,177.5616,114.3002,179.2031,,192.7933,199.5768,176.6746,130.4351,178.6405,,192.4738,199.9097,174.4382,127.4897,189.8136,,197.9314,214.4969,198.3297,148.5223,182.6763,,195.9841,216.7793,182.7256,,1589,1101,820,1098,1047,131,1461,898,902,1161,919,214,681,,444,585,478,123,404,,321,391,225,86,103,,120,47,208,19,28,,27,18,25,,28
2022-03,189.6824,188.9892,194.0693,196.0147,191.5974,113.0808,200.1676,196.9785,213.2276,220.7035,209.3361,119.5276,200.3551,,213.2165,220.2768,207.6585,139.1368,198.1926,,211.8327,219.2751,205.2748,136.0787,206.7776,,216.8837,231.9441,219.8962,150.3277,201.8164,,215.1496,234.7207,210.7183,,1718,1195,742,656,1083,335,1475,897,909,1167,929,207,681,,446,584,476,119,405,,323,392,226,83,103,,120,47,208,19,28,,27,18,25,,31
2022-04,179.7138,178.4096,186.9881,189.7945,193.7318,107.7549,177.3295,171.2012,189.72,196.5091,198.5177,116.8668,174.8239,,185.547,193.8684,194.4225,138.6239,168.7887,,182.0712,189.9901,190.9266,135.3239,198.5157,,208.6573,220.7411,219.5624,151.527,185.429,,198.7348,219.7808,197.4073,,1790,1336,746,867,903,349,1472,887,901,1164,926,200,683,,448,586,477,117,406,,323,393,226,81,103,,120,46,208,19,28,,27,18,25,,30
2022-05,191.457,189.8821,205.6005,212.1118,206.7511,109.5237,192.3957,190.2448,206.3296,214.1989,207.1179,115.727,188.7584,,201.5319,208.6833,204.3492,136.4587,186.4825,,200.0461,207.8644,200.949,133.0059,201.0677,,212.938,224.9536,223.6001,151.7082,192.1071,,205.3516,225.6448,204.3523,,1852,1406,1180,1644,1140,159,1453,890,897,1160,912,190,685,,449,588,479,115,407,,325,394,228,79,102,,120,46,208,19,28,,27,18,25,,31
2022-06,205.2972,203.0757,219.5232,226.6665,221.7888,106.8354,204.715,201.6411,218.1871,225.8278,220.9484,115.2282,204.9202,,217.8297,224.8829,218.6927,135.1709,202.9829,,216.5863,224.3258,215.2926,131.7984,210.2667,,223.6371,234.5975,235.7066,153.8821,203.0723,,216.3904,234.832,219.673,,1861,1437,1259,1759,1141,134,1462,894,897,1160,914,191,684,,448,590,478,111,408,,326,395,228,76,102,,120,46,208,19,28,,27,18,25,,30
2022-07,198.8858,193.907,212.4468,219.1357,229.9109,104.6786,198.1806,191.884,210.3977,217.2634,230.7062,113.9416,197.0402,,207.7891,215.9063,225.8123,134.2408,190.1174,,203.5441,211.4529,222.3034,131.5812,214.5375,,228.739,238.1701,247.5062,156.0592,205.5645,,218.7479,237.7495,231.4108,,1862,1440,1260,1761,1153,123,1467,900,907,1166,925,180,684,,448,592,476,105,408,,328,396,227,73,102,,120,46,208,19,28,,27,18,25,,31
2022-08,177.0308,171.5907,190.708,197.3785,207.9583,104.1545,174.8126,169.9258,187.7141,194.9343,205.2106,112.8699,172.8083,,183.4462,191.4767,200.4251,132.8747,165.2515,,178.7686,186.6851,195.2264,129.3784,201.4262,,215.3607,224.4875,237.5906,153.3982,189.0502,,202.3277,222.8779,211.9127,,1857,1434,1252,1779,1148,150,1472,898,911,1166,927,154,687,,450,596,478,100,412,,331,400,229,69,102,,120,46,210,19,28,,27,18,25,,31
2022-09,170.7926,167.036,184.2652,191.9335,207.5245,100.335,171.0318,167.8842,184.75,192.1638,205.477,111.9292,170.0127,,181.7479,189.138,202.856,131.2328,164.962,,178.5698,186.3814,198.2017,127.6145,191.4508,,207.479,214.8145,235.7248,153.4935,175.7144,,189.0751,210.7464,206.6717,,1503,1086,948,1463,1069,153,1431,897,895,1143,901,142,687,,450,595,477,100,413,,332,400,230,69,100,,121,45,210,18,28,,27,18,25,,30
2022-10,181.0024,177.7701,193.9357,202.2808,225.2633,104.5553,181.4405,177.1865,194.5282,201.6812,225.6894,114.1195,185.0394,,197.4516,204.6158,224.8275,130.3948,181.4705,,195.1672,202.9102,220.9801,126.7402,197.6555,,212.4985,226.7478,248.586,164.2002,181.4515,,194.7588,222.77,222.652,,1522,1064,910,1480,1083,155,1448,900,906,1154,911,148,685,,449,592,471,98,411,,331,398,225,70,90,,118,40,203,13,28,,27,16,25,,31
2022-11,192.7369,190.0289,206.2369,214.3557,234.721,103.3906,192.778,190.5862,206.4923,214.1306,235.1602,112.6647,188.5093,,201.0967,208.1529,229.9744,130.4942,185.0206,,198.9329,206.6037,225.8781,126.7151,202.7986,,216.9437,232.6558,258.6546,169.585,187.7957,,201.1643,229.703,235.9748,,1368,989,854,1378,1034,121,1435,897,897,1138,902,137,686,,449,593,466,97,410,,330,398,221,69,90,,117,39,202,13,28,,27,16,25,,30
2022-12,181.5225,177.46,195.8852,202.7569,219.8992,101.2975,179.209,174.7548,192.3598,199.4789,220.4193,113.5114,177.22,,189.2322,196.6215,206.9856,130.0881,172.7416,,186.5557,194.2814,200.6253,126.7459,197.625,,211.731,225.2808,252.5128,169.585,179.8548,,193.2103,221.6093,223.264,,1485,1050,958,1489,1060,99,1448,908,904,1156,897,140,691,,456,597,466,95,415,,337,402,221,69,91,,118,40,203,13,28,,27,16,25,,31
2023-01,179.262,176.3335,194.1671,201.3822,209.9147,101.0309,179.6887,177.0584,193.7576,201.355,210.1673,112.9579,177.3715,,189.7103,196.9878,201.5725,129.3748,173.6268,,187.4824,195.2359,195.5474,126.0369,195.1508,,208.922,222.25,248.1148,169.585,176.0762,,189.355,217.3997,216.9005,,1281,933,827,1355,981,64,1407,906,888,1135,883,133,691,,457,600,466,94,416,,339,404,222,69,91,,118,40,202,13,28,,27,16,25,,31
2023-02,184.9758,181.1748,199.5877,207.9237,204.5618,108.6905,182.9639,180.4312,197.0996,204.5692,202.9935,114.7719,180.8762,,193.3754,200.8595,197.2065,134.4328,177.3028,,191.3469,199.2652,190.4325,130.9409,195.7551,,209.4159,223.4241,245.1705,169.1879,177.2177,,190.4996,218.6806,212.3532,,1257,934,783,1271,933,241,1394,904,873,1119,875,144,691,,456,601,463,91,415,,338,403,218,68,91,,118,40,202,13,28,,27,16,25,,28
2023-03,184.4962,181.7161,198.7848,206.7715,200.3121,109.9619,183.6162,180.4853,196.9847,204.5957,198.5576,116.5601,181.5007,,194.1081,201.5747,192.5388,137.3698,178.2688,,192.3261,200.219,186.6065,133.8961,196.9484,,210.3056,224.7484,241.8699,169.4851,178.5987,,191.8735,219.9681,207.7662,,1199,942,828,1191,820,216,1376,899,871,1116,853,150,691,,457,601,457,91,415,,338,403,213,67,90,,118,40,203,12,28,,27,16,25,,31
2023-04,189.6913,187.3515,204.6189,212.007,197.2114,107.7068,190.3098,188.8381,204.7193,212.303,195.9035,116.6586,185.8745,,198.8959,206.282,191.8054,137.3835,183.3649,,197.4824,205.4989,186.3686,133.9381,198.6013,,212.0031,227.0899,239.7768,171.1863,180.0933,,193.456,221.726,206.5969,,1210,1017,759,1138,683,94,1398,914,883,1140,810,145,692,,457,602,455,88,418,,339,406,211,65,91,,118,40,204,12,28,,27,16,25,,30
2023-05,181.6276,174.5382,195.3783,203.4195,190.1465,103.8548,180.9314,177.3138,194.6754,201.8026,188.9611,116.4046,179.7168,,191.9417,199.7399,184.5806,136.0481,175.4861,,189.5541,197.6004,178.1186,132.7389,198.9801,,212.1618,227.1745,236.4453,171.6429,180.6418,,194.1022,222.4286,203.8377,,1270,1186,636,1089,867,161,1439,924,907,1167,867,146,692,,457,602,449,87,416,,338,405,206,64,92,,118,40,204,12,28,,27,16,25,,31
2023-06,183.991,181.1775,201.1397,205.7834,185.5481,101.3462,183.4272,181.5205,197.872,205.2205,183.8218,115.4064,178.9862,,191.6869,199.2334,180.5536,135.2966,175.4333,,189.6992,197.6698,173.6452,131.5182,196.3228,,210.3296,225.2162,231.2644,170.5,178.5257,,191.9604,219.7329,197.864,,891,1159,383,519,744,131,1384,916,885,1126,838,134,696,,460,606,445,84,419,,340,408,203,61,93,,118,40,204,12,28,,27,16,25,,30
2023-07,184.6636,182.1074,197.3941,206.4183,185.5369,99.4287,182.6156,180.6881,196.7395,204.5789,183.3381,114.7437,180.025,,193.0471,200.4554,182.1729,135.263,177.0176,,191.4376,199.4041,176.4765,131.3311,194.535,,210.2346,223.499,229.9433,170.5,178.4438,,192.5539,218.7326,197.8398,,838,1155,315,505,683,106,1356,919,874,1113,802,135,698,,462,610,442,81,420,,340,409,201,59,95,,118,41,203,12,28,,27,16,25,,31
2023-08,198.732,197.9362,209.433,219.5525,207.1277,97.0706,199.1629,197.3298,213.3943,220.784,209.0874,115.2048,197.2173,,210.9843,218.0745,207.093,135.5448,195.0862,,209.6721,217.4941,204.5459,131.5285,208.626,,221.5649,237.3572,238.1504,170.5,194.6991,,208.8649,234.5662,206.7983,,1065,1248,393,589,1024,85,1491,948,928,1204,913,139,702,,466,614,444,82,423,,343,412,204,59,93,,118,42,202,12,29,,28,17,25,,31
2023-09,207.277,205.6652,220.0501,228.7466,218.6939,99.8231,205.61,202.9143,219.5618,227.1047,219.7223,115.33,205.0589,,218.7399,225.9631,219.1206,136.6701,202.4456,,217.1328,224.8849,216.5125,132.6228,215.5923,,228.4243,245.6374,247.215,170.5292,200.664,,214.9327,241.7349,214.256,,1073,1229,448,585,935,105,1495,946,926,1205,923,132,700,,466,613,439,82,422,,343,412,200,58,96,,118,42,195,12,29,,28,17,22,,30
2023-10,203.452,197.3288,216.6779,224.5061,222.517,103.8394,206.5425,204.4172,220.8999,228.4457,222.6076,116.0815,199.5531,,212.2183,219.9989,220.4209,137.2743,194.6484,,209.3535,217.1614,216.8164,133.1001,217.8449,,230.5503,247.6727,251.3352,170.533,201.4767,,215.8304,241.9893,216.8172,,1020,1235,374,551,793,102,1461,942,911,1185,895,132,701,,466,615,436,81,424,,344,414,199,57,96,,118,42,195,12,29,,28,17,22,,31
2023-11,200.0822,198.069,216.0753,222.9234,214.2021,105.322,196.6491,193.6612,210.5781,218.2515,213.6663,116.8502,196.1554,,209.4501,216.8527,212.3509,138.0333,192.5127,,207.3713,215.1147,207.0894,133.5298,214.2723,,226.9245,242.5946,248.4089,170.4538,194.7475,,209.0799,235.1266,208.7331,,1706,1447,1072,1552,972,105,1446,941,906,1177,868,107,702,,466,618,431,81,425,,344,416,196,57,96,,118,42,195,12,29,,28,17,22,,30
2023-12,190.9403,189.1805,207.2157,213.4243,201.1583,103.8864,185.853,182.2205,199.4372,207.2827,199.1774,117.5162,185.3785,,198.027,205.7321,198.1543,137.9827,180.6541,,195.4254,203.23,191.3049,133.3754,206.3295,,219.9535,234.3903,241.1208,170.2455,184.1975,,198.421,225.0519,193.0194,,1904,1510,1261,1833,1147,79,1465,951,915,1197,899,110,706,,470,621,427,81,427,,347,418,197,57,96,,118,42,195,12,29,,28,17,22,,31
2024-01,185.3306,182.807,201.2678,207.626,195.5288,106.0634,187.6937,185.7719,202.3385,210.1376,193.6753,116.3825,183.4131,,196.5046,203.9708,193.3333,137.9038,179.6395,,194.5044,202.2569,186.5239,133.3679,203.0185,,217.1291,230.6869,237.6257,170.208,181.4259,,195.7604,221.8839,188.9715,,1787,1456,1208,1747,1065,80,1420,941,885,1170,847,102,708,,472,623,428,81,429,,349,420,198,57,96,,118,42,195,12,29,,28,17,22,,31
2024-02,197.6911,196.0141,213.4971,220.1863,202.6712,107.5055,194.1165,191.3295,208.2082,215.7529,200.9417,116.518,192.2554,,205.6063,213.275,199.7975,137.6552,189.1511,,203.977,211.9788,194.0941,132.9464,207.8603,,221.2544,236.3589,240.8038,170.208,189.1631,,203.4707,228.1287,196.6361,,1894,1510,1263,1836,1107,126,1446,944,898,1188,867,112,708,,473,624,427,81,431,,351,422,199,57,96,,118,42,195,12,29,,28,17,22,,29
2024-03,200.0376,199.0328,216.7953,223.3029,202.8206,107.4461,202.6172,201.4288,217.4122,225.5475,201.7811,117.9374,191.2776,,204.2182,212.3341,200.2295,137.8219,187.1242,,202.122,210.3747,194.619,132.9632,208.4322,,221.8952,237.6109,241.2423,170.208,189.3517,,203.5615,229.7645,196.2233,,1668,1436,1146,1664,928,139,1374,924,863,1137,796,115,709,,475,626,428,79,432,,352,423,199,55,96,,118,42,195,12,29,,28,17,22,,31
2024-04,205.6823,205.3777,222.0425,229.1529,203.1817,106.9005,204.593,203.8893,219.8065,227.6111,201.4734,118.7613,195.6506,,208.8309,216.6977,199.8598,138.1717,192.5706,,207.3896,215.5103,194.2402,133.0435,209.3664,,223.5446,239.3777,241.2179,170.208,191.9149,,206.4641,232.6218,195.9838,,1834,1572,1283,1832,866,95,1390,935,873,1156,748,121,711,,477,628,428,74,434,,354,425,200,52,94,,114,41,187,12,29,,28,17,20,,30
2024-05,194.9305,191.9037,209.786,216.9597,198.7275,108.678,198.2693,196.0632,212.7421,220.4479,198.9426,118.1915,193.1953,,206.2278,214.0843,195.8842,138.3777,189.6583,,204.4111,212.505,189.806,133.1243,210.7044,,224.0751,239.2124,242.4983,174.4733,190.8765,,205.3612,231.9855,191.7201,,1832,1519,1251,1812,1005,82,1393,935,881,1155,770,117,712,,477,628,430,73,435,,355,425,201,51,97,,118,42,193,11,29,,28,17,20,,31
2024-06,195.0354,194.4131,211.3775,218.4156,193.5019,107.8494,195.7674,194.6712,211.0825,218.828,193.7193,117.4643,185.9051,,198.8331,206.5645,190.026,137.9998,181.8939,,196.687,204.7183,184.1943,132.7833,204.72,,218.8183,232.298,239.0298,174.782,180.0203,,194.1775,220.9812,182.6361,,2015,1667,1399,1981,1123,90,1434,946,902,1179,845,111,713,,477,630,430,69,436,,355,426,202,49,97,,118,42,193,11,29,,28,17,20,,30
2024-07,193.0832,191.6707,209.5044,216.1969,194.5116,107.7395,191.9607,189.6288,206.6989,214.1152,194.6135,118.7393,187.1664,,200.6488,208.1208,190.7296,139.1571,184.3873,,199.3191,207.2971,185.472,132.995,204.3876,,218.8732,231.6485,238.9717,174.782,179.2871,,193.5878,219.6737,183.8181,,1698,1461,1164,1692,944,123,1374,929,876,1144,800,107,713,,477,630,428,69,436,,355,426,200,49,97,,118,42,194,11,29,,28,17,20,,31
2024-08,186.506,184.3097,202.3427,209.1754,190.5265,106.1887,185.8834,183.2319,200.4138,207.8416,190.0533,118.01,184.0492,,197.5178,204.9602,187.1108,138.9688,181.2787,,196.2774,204.2688,181.7535,132.4688,201.4785,,217.1305,229.1867,237.8164,174.782,175.917,,190.3413,216.4053,182.3827,,1737,1476,1174,1726,969,117,1410,947,887,1168,820,102,717,,480,634,431,68,436,,355,426,199,48,97,,119,42,194,11,29,,28,17,20,,31
2024-09,176.1483,172.5497,190.8134,197.9161,182.0846,109.3737,177.5296,174.1796,191.7982,199.0121,182.3412,118.6543,175.166,,188.2499,195.9118,178.2166,138.7291,171.5489,,186.5123,194.4732,171.8305,132.7375,196.0308,,212.5175,222.6647,234.603,174.782,167.8328,,182.2044,207.9928,177.2322,,1913,1524,1258,1852,1115,132,1468,962,913,1204,878,107,716,,479,634,431,65,436,,355,426,200,47,97,,119,42,194,11,29,,28,17,20,,30
2024-10,175.8658,173.8137,191.7935,198.421,178.3111,109.3653,178.7188,176.6102,193.5684,201.0048,179.0582,117.619,175.5563,,189.0916,196.5773,175.768,139.7007,173.1413,,187.9738,196.0664,169.3742,133.3948,194.2843,,209.8594,219.3858,231.8046,174.782,165.873,,180.197,206.2827,173.0145,,1858,1498,1238,1806,1062,107,1438,951,901,1185,850,100,715,,479,632,430,64,434,,355,424,199,46,96,,117,42,192,11,29,,28,17,20,,31
2024-11,180.0581,178.5824,196.1378,202.7524,179.7838,111.4286,179.1246,177.1384,193.9006,201.2729,179.6038,118.0949,173.8294,,186.6006,194.6648,176.9919,140.1783,170.35,,184.8509,193.2988,170.7512,133.5898,192.6904,,208.215,217.1574,230.0976,174.782,164.5179,,178.8146,204.7134,172.3975,,1642,1420,1117,1639,899,122,1336,921,846,1126,735,94,715,,481,633,430,61,434,,356,424,199,45,97,,118,43,193,11,29,,28,17,20,,30
2024-12,186.6991,186.0144,203.6769,210.2057,182.9039,111.7996,184.1602,183.1597,200.0278,207.4085,180.8688,118.5843,176.0345,,189.1276,197.2438,180.0455,140.6522,172.7095,,187.3994,195.9429,174.664,133.914,192.84,,208.276,217.599,229.9,174.782,165.32,,179.585,205.122,171.64,,1651,1423,1136,1672,904,118,1327,932,846,1127,721,88,716,,480,634,430,60,434,,356,425,199,44,97,,118,43,193,11,29,,28,17,20,,31
2025-01,183.8614,181.7936,200.1688,206.8775,190.3895,114.0968,183.904,181.5211,198.9861,206.6544,187.2559,118.2965,181.8551,,195.5659,203.4577,187.4726,141.5303,179.2755,,194.2486,202.6717,183.1625,135.013,,,,,,,,,,,,,1822,1472,1233,1791,1121,103,1452,965,911,1206,849,99,719,,483,636,431,59,436,,357,427,200,43,,,,,,,,,,,,,31
2025-02,183.6928,181.562,199.4794,206.358,191.4369,115.6926,188.3471,186.8657,204.0061,211.6536,190.4641,118.6068,181.7992,,195.1005,203.1409,189.6719,143.1692,178.2144,,193.1789,201.538,184.7401,136.6692,,,,,,,,,,,,,1755,1441,1174,1718,1062,134,1406,941,879,1176,828,93,723,,486,637,433,57,438,,359,429,202,42,,,,,,,,,,,,,28
2025-03,184.7918,183.7649,201.7876,208.1608,187.6722,114.036,188.3876,187.1777,204.0401,211.7393,188.9385,119.642,179.575,,192.939,201.0976,187.4946,143.6947,175.5586,,190.6719,199.2065,182.3379,136.9691,,,,,,,,,,,,,1611,1388,1102,1611,886,159,1295,909,822,1102,705,81,725,,487,638,435,55,439,,360,429,203,42,,,,,,,,,,,,,31
2025-04,177.4602,175.0244,193.6535,200.1286,184.0598,118.793,177.6948,174.4247,192.514,199.9181,184.8997,118.9294,177.2964,,190.8672,198.9551,184.5871,144.1938,173.2529,,188.6202,197.0732,179.4728,137.4294,,,,,,,,,,,,,1683,1406,1147,1684,933,82,1305,907,828,1107,731,73,727,,489,638,437,53,439,,360,430,204,41,,,,,,,,,,,,,30
2025-05,173.6435,171.0211,189.4487,196.257,178.8896,115.8402,176.3201,174.0084,192.0597,199.242,179.1414,118.0237,173.154,,186.871,194.8575,180.2888,144.0202,168.9488,,184.4566,192.8552,175.4547,137.9122,,,,,,,,,,,,,1735,1404,1136,1695,1013,53,1394,941,880,1175,807,74,726,,490,636,439,51,439,,359,430,204,41,,,,,,,,,,,,,31
2025-06,179.4869,178.6197,196.4147,202.9705,178.9472,117.124,174.9732,171.9619,190.0577,197.4509,179.9578,118.8859,175.2319,,189.0307,197.0241,180.7221,143.3501,172.0094,,187.2416,195.8396,176.3247,137.9126,,,,,,,,,,,,,1685,1384,1117,1666,948,51,1338,915,857,1151,749,72,727,,491,637,440,48,440,,360,431,204,40,,,,,,,,,,,,,30
2025-07,178.3605,176.204,194.1505,201.0112,183.4272,117.7537,181.0543,179.1099,196.6716,204.1945,184.528,118.8194,177.876,,191.651,199.7776,183.9154,143.4466,174.5367,,189.8263,198.4086,179.6568,137.8598,,,,,,,,,,,,,1782,1429,1173,1744,1029,71,1427,949,884,1192,843,71,728,,491,637,440,47,442,,362,433,205,40,,,,,,,,,,,,,31
2025-08,176.0104,173.8831,192.2289,198.8814,184.0153,116.4956,180.0905,177.8314,195.461,202.8724,186.2355,118.5788,176.6909,,190.3806,198.6272,183.6931,143.0223,173.2388,,188.4311,197.1866,179.6935,137.9437,,,,,,,,,,,,,1518,1344,1042,1563,840,91,1299,902,811,1119,738,69,731,,494,640,442,44,444,,364,434,207,38,,,,,,,,,,,,,31
2025-09,180.8409,179.3609,197.7848,204.4041,183.2998,116.6081,182.6729,180.5237,198.2077,205.8197,186.3556,117.2184,177.3134,,190.7683,199.4957,183.5817,143.4667,173.803,,188.7749,198.0772,179.6809,138.0221,,,,,,,,,,,,,1559,1363,1071,1596,748,83,1272,899,799,1099,721,65,730,,494,641,441,42,444,,364,435,207,36,,,,,,,,,,,,,30
2025-10,178.16,176.4157,195.463,201.9101,183.4496,117.1381,181.0595,178.9205,196.8265,204.6889,185.3964,114.6648,175.764,,189.439,198.1719,183.2003,144.7803,171.7442,,187.2863,196.3916,179.0035,139.6353,,,,,,,,,,,,,1334,1215,964,1413,669,46,1222,891,769,1072,700,65,728,,495,641,440,40,444,,365,435,206,35,,,,,,,,,,,,,31
2025-11,180.4992,178.8928,197.3922,204.1858,188.889,116.7064,183.741,182.1252,199.4329,207.7769,189.94,113.3558,178.5217,,192.6814,201.1382,187.7454,144.604,175.3939,,191.0091,199.9794,184.9381,139.562,,,,,,,,,,,,,1510,1274,1037,1523,977,50,1352,943,831,1164,861,65,733,,498,646,446,40,447,,366,437,209,35,,,,,,,,,,,,,30
2025-12,181.4016,180.0626,198.3619,205.2346,189.421,117.0223,181.2068,179.367,196.7261,204.8254,188.8374,112.2529,177.5108,,191.6282,200.1632,187.0,144.4086,174.0446,,189.8044,198.7618,184.1725,139.3371,,,,,,,,,,,,,1571,1329,1075,1567,1023,50,1364,945,835,1163,890,58,738,,503,649,452,41,450,,370,441,212,36,,,,,,,,,,,,,31
2026-01,172.8236,170.3294,189.5438,196.1098,182.1418,117.9241,177.6192,176.0758,193.8731,201.5543,181.7021,109.6807,172.3498,,186.0538,194.8545,181.748,144.8376,167.9344,,183.7744,192.7131,178.0816,139.517,,,,,,,,,,,,,1676,1388,1121,1655,985,55,1353,934,823,1172,869,53,738,,503,649,456,41,450,,370,440,214,36,,,,,,,,,,,,,31
2026-02,169.5233,166.7517,185.7912,193.1026,179.6604,116.0329,173.0732,170.6672,188.9835,196.773,179.4215,110.9205,169.5971,,183.2295,192.0842,180.2488,145.0324,164.5446,,180.508,189.4177,176.068,139.6851,,,,,,,,,,,,,1685,1394,1143,1683,875,59,1273,908,793,1119,773,51,737,,502,649,455,40,449,,369,439,214,35,,,,,,,,,,,,,28
2026-03,229.4038,227.2132,244.5715,253.4194,257.6363,118.1407,229.2261,227.1096,244.6094,253.0871,262.5065,113.9716,224.5568,,239.8209,248.7556,258.4033,145.5599,222.5258,,238.6276,248.0385,256.3519,140.1387,,,,,,,,,,,,,1996,1511,1312,1930,1165,93,1525,976,912,1279,983,67,735,,502,648,452,40,448,,370,439,215,35,,,,,,,,,,,,,31
2026-04,214.1201,207.2315,228.365,236.3471,284.9153,121.9219,214.5194,206.5823,228.3736,236.2569,300.5832,116.1278,211.618,,224.0286,234.5488,296.361,149.9229,205.6101,,221.1948,230.8186,288.662,144.4912,,,,,,,,,,,,,2045,1521,1338,1964,1146,109,1575,981,926,1294,1029,72,733,,501,644,456,40,447,,369,438,216,34,,,,,,,,,,,,,30
2026-05,186.8305,181.9362,202.3469,209.9834,237.479,118.2632,187.3372,180.9785,202.1059,209.5923,240.8635,114.4123,193.1639,,199.0751,210.0766,246.5132,155.4881,179.1528,,194.4405,203.8378,223.5335,150.8593,,,,,,,,,,,,,2072,1549,1358,2001,1233,86,1568,977,919,1284,1025,59,921,,524,725,664,38,447,,368,438,217,34,,,,,,,,,,,,,31
2026-06,169.3378,163.4593,184.2773,192.0664,199.8816,116.4716,172.3218,165.4182,186.0529,194.021,204.1821,114.039,179.7614,,182.5921,193.7445,215.6442,156.8945,161.5562,,176.707,185.8436,187.6654,152.2197,,,,,,,,,,,,,2026,1511,1328,1951,1207,75,1551,977,914,1281,1018,65,935,,524,726,680,39,447,,368,438,217,34,,,,,,,,,,,,,30
2026-07,177.7549,173.7877,193.8954,201.6496,206.5543,118.4497,180.4358,174.6329,194.8772,202.8762,208.4209,118.9812,186.8713,,194.0521,203.3086,216.4904,159.4723,174.4557,,190.2807,199.0617,198.1761,155.1064,,,,,,,,,,,,,2037,1507,1333,1953,1195,110,1558,985,916,1282,1014,73,938,,526,728,679,39,449,,370,440,218,34,,,,,,,,,,,,,31
2026-08,203.9181,199.9029,220.1261,227.9794,248.3789,119.0772,206.4818,200.5401,220.8716,229.1,250.4661,118.1299,211.0346,,219.4077,228.7445,254.7071,160.4752,200.1131,,216.2434,225.2384,241.1468,156.2283,,,,,,,,,,,,,2053,1512,1339,1959,1206,83,1581,986,923,1290,1027,64,939,,526,728,678,39,449,,370,439,219,34,,,,,,,,,,,,,31
2026-09,,,,,,,,,,,,,218.1826,,226.9109,235.959,262.4593,161.7787,207.8947,,224.1819,233.1509,249.39,157.5616,,,,,,,,,,,,,,,,,,,,,,,,,940,,526,726,678,37,449,,370,439,218,32,,,,,,,,,,,,,15
