month,TGP_petrol_sydney,TGP_petrol_melbourne,TGP_petrol_brisbane,TGP_petrol_adelaide,TGP_petrol_perth,TGP_petrol_darwin,TGP_petrol_hobart,TGP_petrol_national,TGP_diesel_sydney,TGP_diesel_melbourne,TGP_diesel_brisbane,TGP_diesel_adelaide,TGP_diesel_perth,TGP_diesel_darwin,TGP_diesel_hobart,TGP_diesel_national,n_days
2004-01,88.1409,86.8091,88.5,89.0955,90.6727,91.8727,90.0,88.2818,88.2364,86.4955,88.3727,88.6182,89.9727,92.4636,92.8273,88.5727,22
2004-02,84.23,82.775,84.525,85.13,86.37,87.83,86.11,84.29,87.565,85.62,87.53,87.49,88.865,91.275,91.87,87.7,20
2004-03,89.1652,87.9261,89.5913,90.2174,91.7217,93.0174,91.1696,89.3739,88.0478,86.0435,88.0043,87.7,89.113,91.5217,92.1783,88.1043,23
2004-04,89.3955,88.2818,89.8091,90.3091,91.4273,93.55,91.0818,89.5636,90.5182,88.5545,90.4591,90.25,91.7727,94.2136,94.7273,90.6136,22
2004-05,95.5667,94.6571,96.2952,96.8,98.0286,100.2333,97.6857,95.9143,95.1429,93.3286,95.2429,95.1238,96.8429,99.3571,99.8714,95.4333,21
2004-06,95.9409,94.8182,96.3545,96.7227,97.7727,100.1773,97.8318,96.0773,94.7409,92.8864,94.8591,94.6864,96.3409,98.4182,99.6364,94.9955,22
2004-07,92.7864,91.5091,93.3545,93.8091,94.8045,97.2682,94.9182,92.9545,95.6227,93.0364,95.6409,95.6773,96.3318,99.6455,99.8818,95.5818,22
2004-08,98.2182,97.2727,98.7773,99.1773,100.4045,102.8727,100.3091,98.4727,101.5545,99.3273,101.5045,101.4818,102.3318,105.7045,105.7409,101.55,22
2004-09,97.2864,96.2636,97.6818,98.0455,99.3409,101.7864,99.1273,97.4409,104.3182,102.2091,104.3409,104.0909,105.3136,108.2364,108.2136,104.3636,22
2004-10,100.5238,99.4667,101.1095,101.4095,102.5905,105.1619,102.5667,100.719,107.4952,105.4238,107.5095,107.0905,108.2667,111.3238,111.3524,107.4905,21
2004-11,98.2318,97.0591,99.0591,98.9727,99.85,102.8045,100.4227,98.4045,105.8409,103.8773,105.7909,105.3545,106.1818,109.4182,109.5909,105.7318,22
2004-12,91.8652,91.087,92.4783,92.5087,93.7783,96.1609,93.9478,92.1174,100.5565,99.4304,100.5826,100.2261,101.2783,104.3087,104.5,100.6913,23
2005-01,92.181,90.9333,92.1905,92.6048,93.1762,95.7524,94.0143,92.0524,98.4905,97.5381,98.5381,98.3095,98.5714,102.0,102.6952,98.5667,21
2005-02,96.835,95.525,96.69,97.45,97.365,100.26,98.49,96.615,100.045,99.275,100.135,100.04,100.37,103.595,104.16,100.215,20
2005-03,102.3957,101.0217,102.2565,103.0,103.2435,105.8348,104.0478,102.2,109.9087,108.887,109.6957,109.987,109.8,113.3043,113.7522,109.8652,23
2005-04,105.8333,104.5571,106.019,106.6762,106.8952,109.5095,107.6571,105.7762,114.4429,113.0667,114.2571,114.5429,114.3,117.8333,118.2048,114.3524,21
2005-05,100.3455,98.9727,100.5182,101.1182,101.3727,104.0545,102.0955,100.2545,109.7727,108.3136,109.6318,109.8727,109.7818,113.2364,113.5227,109.7091,22
2005-06,101.9045,100.8955,102.0,102.6,103.1636,105.6045,103.5682,101.9091,114.1091,113.1318,114.1091,114.3591,114.6,117.9818,118.1636,114.2773,22
2005-07,108.5238,107.1762,108.6905,109.4381,109.8905,112.3048,110.1333,108.481,118.5381,117.4238,118.6,119.0381,119.0619,122.5524,122.8762,118.7381,21
2005-08,114.4087,112.9478,114.513,115.4391,115.5391,117.9652,116.1478,114.313,117.5739,115.9783,117.5261,118.1261,117.8435,121.2826,121.8609,117.5957,23
2005-09,124.8136,123.1955,124.95,125.8364,125.8773,128.2591,126.5636,124.6591,125.0227,123.1864,125.3227,125.75,125.3455,128.6727,129.4682,125.1273,22
2005-10,119.2762,117.7905,119.4524,120.381,119.7381,123.2286,121.3952,119.1286,127.4286,125.5429,127.5762,128.0905,127.1571,131.1952,131.8905,127.3476,21
2005-11,111.6364,110.3955,111.85,112.7909,112.5364,115.8136,113.4591,111.6136,117.8727,116.4636,118.2682,118.7,118.1955,122.0364,122.3727,118.1045,22
2005-12,108.4455,108.0727,108.9727,109.8273,109.8955,112.7136,110.0864,108.7818,115.05,114.1136,116.0136,116.3,116.0227,119.2182,119.1318,115.6591,22
2006-01,114.1091,113.7818,115.4045,116.05,115.1682,119.0455,116.2636,114.65,123.0636,121.4455,123.9818,124.1909,122.4773,126.4682,126.6182,123.1955,22
2006-02,113.595,113.37,115.415,115.675,114.99,119.14,116.3,114.335,126.54,125.185,127.58,127.75,126.25,130.445,130.565,126.83,20
2006-03,116.5304,116.2957,118.1957,118.2043,118.3087,121.8348,118.687,117.2217,128.2,127.0609,129.1783,129.2826,128.7826,132.4826,132.013,128.7,23
2006-04,125.52,124.865,126.975,126.875,126.98,130.805,127.195,125.995,133.31,131.755,134.11,134.14,133.51,137.475,136.335,133.57,20
2006-05,132.3304,131.0087,133.3304,133.3435,132.5,137.3478,134.087,132.3826,137.8348,135.7217,138.5826,138.7783,137.187,142.3826,141.5783,137.8565,23
2006-06,130.3955,129.5409,131.4318,131.4773,130.9545,135.9909,132.6864,130.6455,135.1045,133.6182,136.0091,136.0591,134.7773,139.95,139.0136,135.35,22
2006-07,131.9762,130.8476,132.8048,132.8095,132.2381,137.1905,133.9619,132.0571,133.4429,131.8381,134.1048,134.119,133.5952,138.2048,137.3714,133.6714,21
2006-08,129.813,128.5522,130.487,130.5609,129.9913,135.0522,132.1913,129.7913,132.6261,130.7609,133.2783,133.4435,132.3913,137.0261,136.5565,132.7391,23
2006-09,116.6905,115.3048,117.0429,117.1524,116.5952,121.7333,119.0238,116.519,127.2143,125.1286,127.1238,127.4286,126.7,131.3857,131.0667,126.9619,21
2006-10,110.8455,110.0545,111.6091,111.7864,111.4455,116.3273,113.2364,111.0455,119.3682,117.8909,120.0,120.3227,119.6318,123.95,123.3273,119.6409,22
2006-11,107.5864,106.9955,108.6182,108.7136,108.7,113.3364,109.8318,107.9591,115.2182,113.6909,115.8318,116.1091,115.7591,120.1182,119.0273,115.5409,22
2006-12,111.9238,111.1333,113.0905,113.1238,112.5,117.3,113.0762,112.181,116.8619,115.1714,117.7286,118.019,117.019,121.5476,120.7143,117.1619,21
2007-01,109.8043,108.7217,110.3087,110.4087,109.8826,114.5565,111.5304,109.7478,114.5826,112.8913,115.0435,115.4,114.413,118.5087,118.4783,114.6609,23
2007-02,110.26,109.485,111.165,111.27,110.74,114.735,111.965,110.455,114.77,113.37,115.46,115.8,114.965,118.56,118.63,115.045,20
2007-03,119.0364,117.9227,118.8727,119.2091,119.5636,123.4091,119.5864,118.8273,117.0909,115.3955,116.8182,116.9227,116.6818,120.5227,120.0182,116.8045,22
2007-04,121.6905,120.6667,121.6905,121.7952,122.5095,126.3,122.4857,121.5667,120.8667,119.1762,120.5238,120.681,120.519,124.4286,123.8095,120.5762,21
2007-05,127.0261,125.987,127.0261,127.2609,127.7696,131.5913,127.8087,126.9217,122.5435,120.7826,122.1739,122.3304,122.1435,126.0391,125.5174,122.2217,23
2007-06,124.0524,123.0048,124.0048,124.2857,124.4667,128.6333,124.7095,123.9524,122.7952,121.0429,122.4286,122.581,122.3143,126.281,125.7714,122.4476,21
2007-07,122.2318,121.7182,122.2727,122.5409,122.6273,126.8909,122.9227,122.2909,123.2091,122.3,122.85,123.0045,122.7591,126.7818,126.1636,123.0091,22
2007-08,117.4739,116.9304,117.4348,117.7261,117.6913,121.9913,118.0,117.4913,123.6174,122.7,123.2652,123.4348,123.013,127.0522,126.6087,123.387,23
2007-09,120.395,119.84,120.335,120.52,120.62,124.97,120.945,120.385,128.085,127.16,127.775,127.92,127.55,131.645,131.405,127.9,20
2007-10,119.8478,119.3304,119.8435,120.1087,120.313,124.6348,122.587,119.9261,126.2913,125.3826,126.013,126.1174,126.0826,130.1826,129.5174,126.187,23
2007-11,127.3955,126.9091,127.3455,127.5409,127.7318,132.1909,129.9727,127.4455,134.4818,133.6682,134.2909,134.3682,134.2636,138.6273,137.6409,134.4273,22
2007-12,131.7286,131.1238,131.4952,131.8048,131.7619,135.8762,134.381,131.6619,140.8905,139.981,140.5714,140.6952,140.2762,144.3762,144.1905,140.6667,21
2008-01,132.9739,132.3913,132.7087,133.1304,133.2217,137.1783,135.7783,132.9304,139.3478,138.5652,139.0826,139.2043,139.0826,143.087,142.6522,139.2522,23
2008-02,131.0429,130.4667,130.9095,131.0143,131.3381,135.3762,133.7381,131.0286,136.6,135.9476,136.3762,136.4667,136.4286,140.6143,139.8524,136.5714,21
2008-03,134.4048,133.8762,134.2619,134.619,134.7762,138.7762,137.2714,134.4286,146.1333,145.4857,145.919,145.981,145.6714,150.0429,149.3,146.0429,21
2008-04,138.7318,138.1909,138.7273,139.0227,139.15,143.2545,141.5636,138.7864,156.0273,155.3727,155.7955,155.8773,155.8545,160.1409,159.2273,155.9909,22
2008-05,145.4182,144.8636,145.4318,145.7045,145.8682,149.9591,148.1,145.4773,165.5,164.8955,165.3273,165.3455,165.3455,169.65,168.5227,165.4818,22
2008-06,154.3857,153.7714,154.3524,154.6714,154.9286,158.5905,157.0571,154.4286,175.5667,174.819,175.281,175.3524,175.3857,179.0333,178.7524,175.4762,21
2008-07,154.0783,153.4565,153.9739,154.3478,154.6957,157.8522,156.7522,154.0957,176.9826,176.2478,176.6913,176.7652,176.8391,180.5087,180.187,176.913,23
2008-08,143.7667,143.1429,143.6571,144.0905,144.1571,147.4429,146.6952,143.7619,160.7143,159.9143,160.381,160.5095,160.4286,164.1095,163.9667,160.5762,21
2008-09,146.1636,145.5909,146.0864,146.5773,146.1045,149.5864,149.35,146.1273,157.9682,157.3682,157.8045,157.9727,157.5045,161.1773,161.5727,157.8955,22
2008-10,140.1304,139.6391,140.1478,140.6609,140.4043,143.4522,143.8435,140.1826,148.0087,147.5043,147.9652,148.1391,147.5478,151.0565,151.8348,148.013,23
2008-11,112.66,112.63,112.595,113.23,113.2,116.17,116.515,112.85,136.305,135.93,136.38,137.36,136.09,139.965,141.155,136.505,20
2008-12,98.1783,97.8348,97.7391,98.3609,98.3087,101.6913,101.5,98.1304,121.8261,121.6435,122.0043,122.2043,122.1391,125.313,125.8217,122.1348,23
2009-01,103.0318,102.6409,102.4682,103.1682,102.9773,106.3682,106.0591,102.9091,114.6318,114.1591,114.3773,114.4955,114.4091,117.8136,118.1045,114.6091,22
2009-02,116.265,116.065,115.81,116.52,116.725,120.15,119.425,116.3,112.005,111.565,111.765,112.11,112.135,115.44,115.455,112.09,20
2009-03,109.6818,109.7227,109.4591,110.1727,110.5136,113.9591,113.05,109.8909,108.8636,108.4045,108.5727,108.8864,108.9682,112.3727,112.2227,108.9091,22
2009-04,111.5773,111.4364,111.5591,112.3091,112.9909,116.3818,115.0773,111.8727,110.9909,110.7227,110.9,111.1909,111.8318,115.1818,114.4045,111.3409,22
2009-05,111.119,110.881,111.0571,111.7238,112.4714,116.9143,114.4381,111.3714,108.9381,108.5952,108.7619,109.0238,109.7905,113.2619,112.219,109.2429,21
2009-06,117.5818,117.3636,117.5318,118.2,118.9682,123.6636,121.05,117.8455,115.65,115.2409,115.4227,115.6818,116.2864,119.8727,118.8364,115.8818,22
2009-07,114.3826,114.2,114.4043,115.0478,115.9304,120.7435,118.0435,114.6913,112.9435,112.6739,112.8609,113.1957,113.9,117.6522,116.8522,113.3478,23
2009-08,118.9143,118.7095,118.9143,119.5571,120.3857,125.1857,122.6286,119.2048,115.9571,115.6381,115.8143,116.2,116.8048,120.6048,119.9238,116.3238,21
2009-09,114.8455,114.7409,114.9091,115.5773,116.5182,121.0682,118.6909,115.2136,112.8273,112.5636,112.7864,113.1545,113.8,117.4364,116.9545,113.2545,22
2009-10,109.6727,109.4,109.6409,110.2545,111.0273,115.6318,113.3364,109.9273,111.3909,110.9636,111.1727,111.5591,111.9909,115.7455,115.3455,111.6455,22
2009-11,113.319,113.2238,113.0524,113.6952,114.5667,119.181,116.7762,113.5333,114.6048,114.2714,114.4857,114.8714,115.481,119.1905,118.6,114.9762,21
2009-12,113.7217,113.5043,113.3957,113.9913,114.7174,119.3696,117.1957,113.8609,113.4478,113.0609,113.2783,113.6609,114.1261,117.8478,117.5087,113.7435,23
2010-01,118.6667,118.4762,118.3619,118.9952,119.7476,124.3762,122.2714,118.8571,116.5524,116.2667,116.4619,116.7619,117.3667,121.081,120.7857,116.9286,21
2010-02,118.83,118.49,118.455,118.965,119.855,124.345,122.61,118.945,114.37,113.91,114.17,114.47,115.195,118.73,118.84,114.675,20
2010-03,120.6174,120.3522,120.4,120.8174,121.6696,126.113,124.6391,120.813,116.9609,116.3522,116.713,117.013,117.9522,121.2,121.5435,117.2696,23
2010-04,121.2318,120.7045,121.1,121.5136,122.4136,126.8227,125.2591,121.3864,120.4545,119.85,120.1909,120.4773,121.4364,124.7,124.9545,120.7545,22
2010-05,120.5381,120.0095,120.419,120.8762,121.5667,125.919,124.7524,120.6905,122.3238,121.7476,122.0952,122.419,123.1476,126.3333,127.0714,122.5952,21
2010-06,119.8318,119.2182,119.6364,120.1045,120.5955,124.8227,124.0955,119.8955,121.6773,121.0227,121.3545,121.7136,122.2364,125.5682,126.4682,121.85,22
2010-07,117.7318,117.3364,117.6136,118.0227,118.7227,121.7636,121.7727,117.9,119.5864,119.0591,119.3182,119.7227,120.3318,123.2227,123.9545,119.8364,22
2010-08,116.2727,115.8273,116.1409,116.5182,117.1136,119.95,120.2955,116.3955,119.1182,118.4636,118.8409,119.2545,119.7364,122.5091,123.5409,119.2909,22
2010-09,113.6364,113.2091,113.5636,113.8955,114.55,117.35,117.5909,113.7818,117.0136,116.3591,116.7636,117.15,117.6955,120.4773,121.3591,117.2136,22
2010-10,114.1952,113.7429,114.1,114.4286,115.1571,117.9952,117.9952,114.3286,117.2571,116.6048,117.0,117.3714,118.0619,120.8905,121.4762,117.4952,21
2010-11,116.0955,115.7273,115.8,116.1227,116.9045,119.7591,119.6727,116.1682,118.8955,118.2182,118.6409,119.0045,119.7182,122.5636,123.0773,119.1273,22
2010-12,122.5043,122.0957,122.1435,122.4826,123.1,126.0,126.1304,122.5217,123.1783,122.513,122.9043,123.2913,123.8391,126.7391,127.4652,123.3652,23
2011-01,125.381,124.9,124.9048,125.1571,125.8619,128.6571,129.2571,125.3286,126.4952,125.6143,126.0238,126.2238,127.0048,129.6619,130.7286,126.519,21
2011-02,127.095,126.44,126.46,126.685,127.38,130.24,130.865,126.93,131.2,130.15,130.6,130.765,131.51,134.25,135.26,131.1,20
2011-03,134.5783,134.0565,134.0565,134.2957,135.0478,137.9304,138.4565,134.5043,141.8087,140.7609,141.2043,141.3783,142.1565,144.9391,145.9261,141.7174,23
2011-04,136.3667,135.7524,136.0333,136.2762,136.9952,139.8714,140.3952,136.3381,144.2571,143.2048,143.6381,143.8333,144.6476,147.3524,148.2238,144.1714,21
2011-05,134.6045,133.9455,134.2636,134.5182,135.3318,138.0773,138.5818,134.5818,136.6227,135.5682,136.0,136.1909,137.1182,139.6909,140.5864,136.5591,22
2011-06,130.9818,130.3545,130.65,130.8955,131.6682,134.4409,134.9955,130.9545,135.7045,134.6545,135.0773,135.2682,136.1182,138.7545,139.7227,135.6227,22
2011-07,132.3048,131.7143,131.981,132.2619,132.8476,135.8762,136.3095,132.2857,134.9238,134.0095,134.3429,134.6238,135.1095,138.1286,138.8476,134.8429,21
2011-08,132.8348,132.2913,132.5217,132.8609,133.2478,136.487,136.8652,132.813,135.0696,134.3217,134.5696,134.9391,135.0304,138.4043,138.8826,134.9913,23
2011-09,136.2409,135.6773,135.9136,136.2545,136.6455,139.8909,140.2727,136.2091,136.0864,135.3273,135.5591,135.9409,136.0136,139.4045,139.9182,135.9864,22
2011-10,137.3571,136.7905,137.0476,137.3905,137.7952,141.019,141.4095,137.3429,137.1381,136.4,136.6238,137.0143,137.0571,140.4381,141.0143,137.0429,21
2011-11,130.7864,130.2227,130.1909,130.5591,130.9909,134.1818,134.5045,130.6409,140.4136,139.6909,139.9182,140.3045,140.2773,143.7636,144.35,140.3227,22
2011-12,130.5045,129.9409,129.8864,130.2591,130.5591,133.8636,134.3045,130.3455,139.4955,138.7682,138.9864,139.3727,139.4727,142.8318,143.2818,139.4227,22
2012-01,134.7409,134.1727,134.1909,134.5136,134.7364,138.1273,138.5545,134.5818,138.8955,138.2045,138.4273,138.8455,138.8182,142.25,142.6682,138.8455,22
2012-02,135.8857,135.2952,135.3,135.6571,135.9905,139.3952,139.5619,135.7095,137.8905,137.2095,137.4238,137.8381,137.9,141.3667,141.5905,137.8429,21
2012-03,141.0818,140.6727,140.6773,141.0227,141.2864,144.7955,144.95,141.0455,142.2,141.4955,141.7273,142.1273,142.1318,145.6455,145.9182,142.1409,22
2012-04,143.4333,142.8714,143.1429,143.4905,143.7905,147.2143,147.4286,143.4095,143.5952,142.9,143.119,143.5143,143.5429,146.9619,147.2952,143.5286,21
2012-05,138.8174,138.2087,138.513,138.8478,139.113,142.4913,142.8739,138.7652,140.7,139.9826,140.213,140.6,140.5739,143.9522,144.4783,140.6217,23
2012-06,128.5333,127.9381,128.219,128.5524,128.9762,132.2,132.519,128.4571,132.7762,132.0524,132.281,132.681,132.7714,136.0333,136.4905,132.6619,21
2012-07,126.8727,126.1682,126.3591,126.65,126.7273,130.25,130.6273,126.6136,131.9091,131.0727,131.2273,131.6273,131.5045,134.9227,135.4318,131.6091,22
2012-08,135.6261,135.1826,135.3261,135.6304,135.8696,139.3913,139.6391,135.6043,137.313,136.7348,136.8348,137.2348,137.1696,140.6739,141.087,137.2087,23
2012-09,136.58,136.09,136.26,136.57,136.85,140.295,140.525,136.52,141.855,141.275,141.375,141.755,141.76,145.175,145.55,141.74,20
2012-10,137.4913,136.9957,137.1478,137.4348,137.613,141.0391,141.5,137.3957,141.0609,140.4478,140.5348,140.9261,140.7739,144.1783,144.8739,140.8826,23
2012-11,132.5955,132.0955,131.9909,132.2545,132.3136,135.7409,136.4136,132.3364,137.1909,136.5727,136.7227,137.1045,136.8409,140.2318,141.0636,137.0182,22
2012-12,131.9762,131.4762,131.381,131.6667,131.6524,135.0667,135.7714,131.7238,136.481,135.8476,136.0238,136.4,136.0429,139.4381,140.381,136.3095,21
2013-01,133.8522,133.3609,133.2391,133.3957,133.2739,136.9435,137.7826,133.5478,136.8043,136.213,136.3043,136.7304,136.4087,139.9522,140.9043,136.6304,23
2013-02,141.74,141.215,141.05,141.23,141.205,144.895,145.685,141.415,142.18,141.57,141.645,142.05,141.855,145.445,146.315,142.0,20
2013-03,138.419,137.9762,137.8333,137.9857,137.7333,141.5333,142.3381,138.1238,138.6095,137.9667,138.019,138.419,138.0143,141.6619,142.6095,138.3619,21
2013-04,130.6591,130.0591,130.1909,130.3682,129.4818,133.8773,134.8045,130.2864,132.5955,131.8909,131.9727,132.3727,131.4818,135.5909,136.6182,132.1909,22
2013-05,131.6348,131.0087,131.1609,131.3348,130.5435,134.9565,135.7696,131.2826,133.6826,133.0174,133.0609,133.5,132.7261,136.8304,137.7348,133.3478,23
2013-06,138.955,138.345,138.515,138.665,137.905,142.365,143.11,138.615,139.12,138.455,138.5,138.94,138.185,142.335,143.16,138.78,20
2013-07,144.8174,144.1957,144.5087,144.6478,143.9217,148.1957,149.0,144.5304,145.6478,145.0522,145.0957,145.4783,144.8522,148.9261,149.7826,145.3783,23
2013-08,141.9727,141.3818,141.6227,141.7909,141.1727,145.2682,146.1455,141.7091,148.3091,147.75,147.7545,148.2136,147.5864,151.6136,152.5364,148.0545,22
2013-09,142.5381,141.919,142.0905,142.2905,141.5952,145.6619,146.6857,142.2,148.6524,148.081,148.0905,148.5286,147.7619,151.7571,152.9143,148.3476,21
2013-10,137.0957,136.5,136.6217,136.8391,136.1783,140.2087,141.1609,136.7696,144.5348,143.9739,143.9739,144.4174,143.6696,147.6478,148.7217,144.2391,23
2013-11,137.3429,136.7429,136.5952,136.8095,136.1333,140.1667,141.2476,136.8619,144.381,143.8286,143.8286,144.2619,143.5286,147.4905,148.6667,144.0905,21
2013-12,144.1136,143.5045,143.2773,143.4909,142.7727,146.8409,148.0091,143.5773,151.0227,150.4545,150.4455,150.8727,150.1136,154.0909,155.3545,150.7045,22
2014-01,146.3087,145.713,145.5043,145.6261,145.1217,149.2913,150.0739,145.813,149.7913,149.2174,149.2609,149.7043,149.0217,153.013,154.0826,149.5435,23
2014-02,145.99,145.41,145.195,145.32,144.865,149.04,149.8,145.5,149.015,148.455,148.49,148.97,148.33,152.32,153.355,148.79,20
2014-03,145.6952,145.2952,145.0762,145.2,144.7048,148.8857,149.6429,145.3571,147.4048,146.8333,146.8762,147.3429,146.6667,150.6286,151.7286,147.1619,21
2014-04,142.95,142.4,142.5182,142.65,142.1318,146.2864,147.1364,142.6545,144.9045,144.3455,144.4,144.8591,144.1682,148.1136,149.2773,144.6773,22
2014-05,143.2364,142.6455,142.7773,142.9182,142.4227,146.5636,147.4091,142.9318,144.8727,144.3636,144.3864,144.7818,144.1818,148.1,149.2818,144.6636,22
2014-06,144.2952,143.7333,143.8619,143.9714,143.4667,147.6524,148.4714,143.9905,143.3095,142.7905,142.819,143.1952,142.6095,146.5238,147.7048,143.0905,21
2014-07,144.6043,144.1043,144.2,144.013,144.2739,148.1087,148.7348,144.3783,142.0174,141.5217,141.5957,141.7739,141.7957,145.3652,146.3957,141.913,23
2014-08,136.481,135.981,136.0619,135.881,136.3381,139.9238,140.6333,136.2714,140.8905,140.3952,140.4524,140.6524,140.7667,144.2143,145.319,140.819,21
2014-09,137.0682,136.5455,136.6136,136.4364,136.8909,140.4227,141.3091,136.8409,139.2955,138.7864,138.85,139.0318,139.1045,142.5409,143.7682,139.1955,22
2014-10,135.2696,134.7304,134.8174,134.6043,134.9609,138.5609,139.4217,135.0174,134.9478,134.4304,134.4783,134.6652,134.6739,138.1043,139.3565,134.813,23
2014-11,127.695,127.185,127.105,126.96,127.31,130.81,131.805,127.385,130.975,130.455,130.51,130.765,130.725,134.085,135.515,130.86,20
2014-12,116.9087,116.3826,116.2913,116.1304,116.3957,119.9217,120.9522,116.5652,121.8609,121.3087,121.3783,121.6087,121.4783,124.8957,126.2783,121.6957,23
2015-01,104.7864,104.25,104.2182,104.0682,104.3091,107.6364,109.0727,104.4591,110.35,109.6864,109.9227,110.1136,109.9182,113.2182,114.8227,110.1636,22
2015-02,114.06,113.475,113.47,113.13,113.5,116.87,118.985,113.69,116.02,115.32,115.57,115.765,115.66,118.845,121.035,115.855,20
2015-03,120.9091,120.3136,120.2545,120.0,120.2364,123.6955,125.4818,120.5045,119.6318,118.9318,119.1682,119.3636,119.0864,122.4182,124.3636,119.4182,22
2015-04,121.0955,120.5,120.6045,120.3455,120.6091,124.0318,125.8273,120.7818,119.7318,119.0182,119.2682,119.4591,119.2364,122.5182,124.5409,119.5227,22
2015-05,127.4619,126.9,127.0333,126.7476,126.9667,130.481,132.1762,127.1667,124.1524,123.4571,123.681,123.881,123.6286,126.9667,128.9048,123.9476,21
2015-06,130.3318,129.7273,129.8682,129.5773,129.7409,133.2409,135.0636,130.0091,124.1455,123.4136,123.6818,123.85,123.5273,126.85,128.9273,123.9136,22
2015-07,126.5087,126.0783,126.4652,126.0609,125.9391,129.6478,131.3,126.3696,119.8739,119.2478,119.7348,119.713,119.1826,122.5435,124.6652,119.7348,23
2015-08,121.0952,120.6286,121.0333,120.6143,120.2,123.9238,125.9762,120.8857,114.4619,113.8,114.2952,114.2286,113.4381,116.7571,119.4476,114.2333,21
2015-09,118.4773,118.0364,118.4364,118.0227,117.8682,121.4545,123.5273,118.3273,115.2045,114.5545,115.0636,114.9909,114.3955,117.6636,120.2182,115.0409,22
2015-10,116.9636,116.5727,116.9682,116.5409,116.5,120.2318,121.6273,116.8682,113.8864,113.2864,113.7955,113.7409,113.3455,116.6955,118.5955,113.7955,22
2015-11,112.4429,112.1048,112.3286,111.919,112.0619,115.7571,116.9619,112.3381,112.1048,111.5286,112.0381,111.9857,111.7857,115.1381,116.7238,112.0762,21
2015-12,108.4696,108.1261,108.3348,107.9435,108.1,111.8261,112.9174,108.3696,102.5043,101.9174,102.4261,102.3957,102.1478,105.6087,106.8913,102.4652,23
2016-01,104.6476,104.1905,104.6286,104.3238,104.4667,108.6095,109.5619,104.581,92.2095,91.6714,92.1524,92.2524,92.0857,95.919,96.8333,92.2667,21
2016-02,98.381,97.9286,98.3619,98.0714,98.3476,102.419,103.2476,98.3524,92.181,91.6143,92.1,92.2095,92.2476,95.919,97.0143,92.2667,21
2016-03,101.7261,101.2565,101.6565,101.3783,101.7,105.6739,106.7565,101.6696,96.3,95.7652,96.2348,96.3522,96.3609,100.0217,101.1304,96.3913,23
2016-04,102.8524,102.4095,102.8238,102.5238,102.8,106.8143,107.6857,102.8048,97.1714,96.6095,97.0905,97.181,97.2238,100.8762,101.9048,97.2476,21
2016-05,108.8727,108.4045,108.8409,108.5409,108.8227,112.8773,113.8818,108.8364,105.5091,104.9682,105.4364,105.5364,105.5773,109.2636,110.35,105.6136,22
2016-06,110.5409,110.0818,110.5273,110.2182,110.4364,114.5818,115.4136,110.5045,109.6182,109.0773,109.5636,109.6455,109.6591,113.3909,114.3182,109.7182,22
2016-07,103.781,103.3857,103.819,103.4571,103.781,107.9905,108.5667,103.7952,105.9714,105.4667,105.9667,105.9952,106.0524,109.9095,110.5905,106.0857,21
2016-08,101.6435,101.2304,101.6652,101.3304,101.713,105.8304,106.5478,101.6565,102.0609,101.5609,102.0522,102.0957,102.2087,106.0043,106.7391,102.2043,23
2016-09,107.1773,106.7636,107.1955,106.8455,107.1864,111.3773,112.0045,107.1818,104.5045,104.0045,104.4909,104.5273,104.6227,108.4364,109.1455,104.6227,22
2016-10,110.2714,109.8667,110.2905,109.9524,110.3762,114.5286,115.1667,110.2762,108.7286,108.2286,108.719,108.7762,108.9524,112.7238,113.4571,108.8952,21
2016-11,108.8409,108.45,108.8909,108.5409,108.9636,113.1864,113.6636,108.8727,106.7909,106.3227,106.8045,106.8591,107.0455,110.8773,111.4136,106.9591,22
2016-12,114.2591,113.85,114.2727,113.9318,114.3955,118.5273,119.1227,114.2818,111.8227,111.3227,111.8318,111.8773,112.0773,115.8091,116.5091,111.9818,22
2017-01,119.2091,118.7773,119.25,118.9136,119.0,123.5227,123.9909,119.2,115.7045,115.2273,115.7591,115.9409,115.8182,119.75,120.4091,115.8591,22
2017-02,118.435,118.01,118.47,118.155,118.285,122.755,123.375,118.42,115.25,114.775,115.285,115.42,115.45,119.32,120.13,115.415,20
2017-03,113.6826,113.2826,113.713,113.4435,113.5348,118.013,118.5957,113.6739,112.7043,112.2391,112.7435,112.913,112.8783,116.8217,117.5217,112.887,23
2017-04,116.48,116.08,116.52,116.225,116.39,120.815,121.57,116.49,113.61,113.12,113.62,113.81,113.845,117.56,118.57,113.8,20
2017-05,114.5087,114.1,114.5391,114.2565,114.4304,118.9304,119.4652,114.5348,111.8261,111.3565,111.8609,112.0391,112.1043,115.8174,116.6739,112.0391,23
2017-06,110.9409,110.5455,110.9636,110.6636,110.7909,115.3227,115.75,110.95,108.8318,108.3909,108.8909,109.05,109.0773,112.8227,113.5773,109.0318,22
2017-07,109.0048,108.6143,109.0333,108.781,108.9381,113.2762,114.0286,109.019,108.3952,107.9429,108.4429,108.6238,108.6667,112.2857,113.3571,108.6048,21
2017-08,112.8913,112.5478,112.9652,112.7174,112.9087,117.2,117.9565,112.9522,110.487,110.0565,110.5565,110.7348,110.7913,114.4043,115.4391,110.713,23
2017-09,115.9286,115.5286,115.9667,115.7048,115.7762,120.0905,121.0095,115.919,113.5143,113.1143,113.6143,113.7952,113.7619,117.3667,118.6333,113.7476,21
2017-10,116.9227,116.5091,116.9545,116.6727,116.7455,121.1273,121.9773,116.9091,116.9545,116.4818,116.9909,117.1636,117.0955,120.7545,121.9364,117.1273,22
2017-11,123.0955,122.6682,123.1136,122.8455,122.8864,127.2409,128.3091,123.0773,121.4909,121.0091,121.5318,121.6864,121.5909,125.2318,126.6409,121.6682,22
2017-12,124.1048,123.6524,124.1238,123.8238,123.7857,128.2429,129.1952,124.0476,123.6333,123.1524,123.6667,123.8143,123.6524,127.2905,128.6952,123.781,21
2018-01,123.3696,123.0217,123.4043,123.1261,123.2174,127.8087,128.3043,123.3696,125.7522,125.4391,125.8087,125.9826,125.9043,129.7826,130.6043,125.9696,23
2018-02,123.325,122.945,123.39,123.18,123.745,127.81,128.185,123.43,124.175,123.76,124.24,124.475,124.97,128.245,128.795,124.5,20
2018-03,123.8591,123.4591,123.9136,123.7136,124.1182,128.2364,128.9455,123.9409,124.6909,124.1864,124.7545,124.9955,125.2818,128.6273,129.5636,124.9682,22
2018-04,128.5571,128.1381,128.619,128.3905,128.0,132.8238,133.6714,128.5095,130.6,130.0667,130.6524,130.8762,130.2333,134.3905,135.5333,130.6667,21
2018-05,135.6565,135.2391,135.7217,135.487,135.4391,140.0304,140.7913,135.6565,138.1739,137.6478,138.2304,138.4652,138.2087,142.0609,143.0826,138.3261,23
2018-06,133.9571,133.6238,134.0381,133.8,133.7048,138.4,138.9381,133.981,136.9095,136.4238,136.981,137.2095,136.9286,140.8381,141.6857,137.0619,21
2018-07,133.2864,132.9773,133.3727,133.3045,133.25,137.9045,138.5045,133.3682,136.9409,136.4,137.0364,137.2591,137.0273,140.9136,141.7636,137.1091,22
2018-08,135.7087,135.4565,135.7826,135.7391,135.6478,140.3522,140.9826,135.8174,138.8087,138.2652,138.8826,139.0913,138.8696,142.7522,143.6826,138.9565,23
2018-09,141.1,140.88,141.18,141.15,141.135,145.885,146.405,141.235,145.045,144.555,145.11,145.345,145.22,149.075,149.91,145.25,20
2018-10,143.187,142.9826,143.2913,143.2609,143.1348,148.0304,148.3478,143.3348,150.7,150.2043,150.7913,151.0,150.8391,154.7609,155.513,150.8826,23
2018-11,126.6682,126.4409,126.7545,126.7227,126.5,131.3591,131.6409,126.7727,139.9773,139.4773,140.0318,140.2545,139.9091,143.9273,144.4909,140.1045,22
2018-12,115.1238,114.8714,115.1667,115.1476,114.8333,119.5143,120.4524,115.181,125.3619,124.8095,125.3714,125.6238,125.1143,129.0476,130.2286,125.4238,21
2019-01,115.6783,115.3652,115.6652,115.6652,115.2174,119.3478,121.187,115.6609,126.1,125.5652,126.1174,126.3826,125.7609,129.3348,131.2348,126.1522,23
2019-02,119.32,119.035,119.28,119.34,118.96,123.195,124.715,119.33,131.855,131.35,131.82,132.165,131.66,135.31,136.8,131.92,20
2019-03,128.0048,127.8476,128.1,128.1381,127.9714,132.1762,133.4381,128.1571,136.4286,135.9524,136.4238,136.7571,136.4714,140.0714,141.2095,136.5667,21
2019-04,134.5591,134.2636,134.6364,134.5636,134.3,138.6091,139.7818,134.6,137.4273,136.9409,137.5045,137.7545,137.3591,141.0364,142.2455,137.5591,22
2019-05,135.0391,134.7739,135.1739,135.0783,134.7826,139.1826,140.2217,135.1043,140.187,139.713,140.3087,140.5217,140.1348,143.8565,144.9522,140.3435,23
2019-06,124.73,124.44,124.79,124.74,124.575,128.86,129.845,124.795,132.385,131.91,132.5,132.71,132.42,136.095,137.05,132.555,20
2019-07,129.7348,129.4391,129.9261,129.9565,129.5,134.0565,134.9304,129.8261,134.8043,134.3826,135.0,135.1913,134.7739,138.5435,139.5348,134.987,23
2019-08,129.2633,128.9735,129.4632,129.4797,128.9776,133.5292,134.585,129.3671,134.9582,134.5117,135.1486,135.3276,134.8663,138.588,139.7609,135.1265,22
2019-09,132.6333,132.3429,132.8238,132.8571,132.3143,136.8524,138.1095,132.719,136.3048,135.8714,136.5333,136.6857,136.1333,139.8857,141.2667,136.4714,21
2019-10,134.7348,134.4174,134.9522,134.9478,134.1913,138.7957,140.113,134.787,137.4217,136.9652,137.6348,137.7696,137.0304,140.7826,142.4087,137.5348,23
2019-11,134.4286,134.0952,134.5333,134.5333,133.8333,138.4762,139.8429,134.4286,135.3667,134.8143,135.4857,135.6333,134.8381,138.6905,140.2476,135.3952,21
2019-12,134.5045,134.0591,134.4864,134.4591,133.6091,138.1727,139.8091,134.3636,138.0136,137.3273,137.9955,138.1545,137.2045,140.9818,143.0136,137.9182,22
2020-01,132.6478,132.0826,132.2565,132.3783,131.4261,136.2174,137.4565,132.3261,138.2739,137.4696,138.1609,138.2565,137.2957,141.2435,143.0609,138.0652,23
2020-02,126.77,126.195,126.275,126.585,125.8,130.61,131.72,126.47,128.62,127.885,128.5,128.755,128.005,132.02,133.535,128.54,20
2020-03,107.5909,106.9636,107.0,107.3091,106.1818,111.3818,111.4773,107.1636,114.1,113.5318,114.1,114.2273,113.1773,117.3955,118.4091,113.9727,22
2020-04,83.8909,83.0,83.0455,83.2545,81.9955,86.7,88.9409,83.1909,98.1909,97.5364,98.1273,98.2364,96.8636,100.8455,103.3227,97.9545,22
2020-05,93.9095,93.4524,93.5667,93.7333,91.8429,96.5286,99.9714,93.5,97.8476,97.3238,97.8238,97.9333,95.919,99.819,103.7429,97.5238,21
2020-06,102.0136,101.7591,101.8727,102.1864,101.65,106.4409,107.0773,102.0364,103.4227,102.8455,103.3455,103.7,103.1455,107.3,108.0591,103.4636,22
2020-07,103.9913,103.3087,103.8348,103.8609,103.0478,108.4,108.4304,103.7565,106.2739,105.9478,106.3217,106.587,106.3478,110.4739,110.7957,106.4478,23
2020-08,103.7952,103.1762,103.581,103.4048,102.519,108.381,108.5429,103.5048,104.9286,104.7952,104.9143,105.1381,104.7524,109.3095,109.3714,105.0571,21
2020-09,103.25,102.5364,102.9636,102.8091,102.0273,107.7591,107.8455,102.9045,100.25,100.1136,100.3409,100.4545,100.1409,104.6136,104.6182,100.4273,22
2020-10,103.8318,103.2409,103.7136,103.5182,102.6955,108.3636,108.5955,103.5955,100.3636,100.2318,100.4818,100.5591,100.2864,104.6227,104.9318,100.5682,22
2020-11,101.7524,101.1048,101.6524,101.3667,100.6333,106.2048,106.4762,101.4905,100.9476,100.8095,101.0762,101.1524,100.9714,105.5381,105.5667,101.1857,21
2020-12,107.2043,106.3391,107.0261,106.613,105.8174,111.4043,111.8174,106.7957,107.9391,107.7826,108.0478,108.1174,107.8609,112.4261,112.5522,108.1304,23
2021-01,111.3429,110.4524,110.7762,110.9286,110.7762,115.6333,115.7095,110.9571,110.6286,110.3048,110.5857,110.8286,110.7381,115.0286,115.0952,110.7905,21
2021-02,117.53,116.605,116.925,117.105,117.175,121.955,121.855,117.165,116.68,116.295,116.6,116.875,116.83,121.15,121.17,116.83,20
2021-03,124.5043,123.7087,123.9783,124.1913,124.1391,128.9304,128.913,124.2087,121.1913,120.7391,121.0478,121.3043,121.0652,125.4391,125.5435,121.2348,23
2021-04,125.5818,124.8818,125.2045,125.3227,125.3727,130.0273,130.1045,125.3727,119.8318,119.4727,119.7864,120.0545,119.9273,124.15,124.4136,119.9909,22
2021-05,126.9,126.2095,126.3667,126.6524,126.7238,131.381,131.4143,126.6762,123.5667,123.2,123.5143,123.7857,123.6667,127.8857,128.1619,123.719,21
2021-06,130.4727,129.6773,129.7727,130.1045,130.1,134.8909,134.9227,130.1227,128.4545,128.1091,128.4136,128.6773,128.4864,132.8364,133.0318,128.6045,22
2021-07,137.4864,136.8591,136.9591,137.0909,137.2773,142.2227,141.9136,137.2864,132.0955,131.6545,131.9318,132.2,132.1864,136.65,136.3818,132.1818,22
2021-08,137.9591,137.5045,137.4591,137.7182,137.55,142.5091,142.8091,137.7773,132.5636,132.1409,132.4273,132.7364,132.3318,136.7045,137.3182,132.6182,22
2021-09,138.6364,138.2091,138.1227,138.4227,138.1864,143.0864,143.6318,138.4727,136.4409,136.0773,136.3227,136.6773,136.2091,140.5818,141.3864,136.5091,22
2021-10,150.6667,150.3667,150.0619,150.3571,149.8714,154.781,155.2476,150.4429,148.2667,148.2,148.1571,148.5286,147.981,152.2952,152.9333,148.3667,21
2021-11,152.7136,152.5909,152.3636,152.6682,152.1318,157.2727,157.1318,152.6864,147.6455,147.6273,147.5273,147.9318,147.3909,151.9182,152.1364,147.7682,22
2021-12,145.1435,144.7739,144.7261,144.913,144.3783,149.413,149.6087,144.9609,142.3826,142.3217,142.3261,142.6826,142.0913,146.513,147.0,142.5,23
2022-01,153.8,153.2429,152.9,153.3095,153.6857,157.5476,157.9571,153.4905,152.7286,152.9,152.7143,153.0095,152.7286,156.7857,157.5476,152.9714,21
2022-02,167.465,167.04,166.72,167.065,167.42,171.56,171.565,167.26,166.635,166.885,166.62,166.89,166.665,170.95,171.155,166.89,20
2022-03,185.3435,185.0696,184.7087,185.0783,184.8391,188.6261,189.7217,185.1478,193.1826,192.8043,192.513,192.8261,192.5043,196.0522,197.7478,192.9261,23
2022-04,158.2238,157.7857,157.2667,157.8048,157.3524,155.2476,162.7857,157.6381,177.6333,177.4,177.081,177.3762,176.6762,174.2667,182.3143,177.281,21
2022-05,181.2091,181.1773,180.9273,181.1636,180.1091,178.1682,187.3091,180.9409,193.0591,193.1409,193.0909,193.0682,191.2364,189.4409,198.7409,192.7636,22
2022-06,196.0,195.8136,195.3091,195.7591,194.2182,194.65,202.0409,195.5136,215.1273,214.9636,214.9091,215.0955,212.6318,212.95,221.7818,214.6318,22
2022-07,177.5524,176.381,176.2048,176.981,173.9667,178.1476,180.7905,176.3524,202.5619,202.4286,202.2429,201.8714,198.7,202.5524,206.6667,201.681,21
2022-08,157.887,156.3261,156.2435,157.5391,154.6478,158.8,161.3913,156.5609,184.387,184.0304,183.9609,184.0,181.013,184.8304,188.7783,183.5913,23
2022-09,154.3227,153.1136,152.9773,154.3182,150.7136,155.0591,158.9455,153.1591,190.7636,190.5591,190.4,190.8227,186.7818,190.9818,195.8455,189.9182,22
2022-10,174.6952,173.5333,173.719,175.0286,171.681,176.3524,178.8286,173.7762,219.8619,219.5286,219.5905,220.119,216.2857,220.3143,224.7095,219.1143,21
2022-11,176.3,175.2864,175.5,176.8864,173.5864,178.7318,180.5318,175.5545,213.3136,213.1409,213.1409,213.5636,210.0591,214.3955,217.6636,212.6773,22
2022-12,164.4045,163.0955,163.3,164.45,160.8136,165.9409,169.0,163.3045,191.9682,191.5364,191.7455,192.0227,187.9,192.3,197.2636,191.1045,22
2023-01,168.5955,167.4091,167.8773,169.4955,166.5,171.4591,173.5182,167.9455,188.6682,188.2,188.45,188.5773,185.6636,190.6227,192.7273,188.0091,22
2023-02,171.965,171.285,171.375,173.51,170.3,175.335,176.97,171.655,182.65,182.41,182.42,182.66,179.7,184.88,186.81,182.05,20
2023-03,173.4174,172.5957,172.9174,173.9348,171.2304,176.3652,178.0174,172.9,179.2739,178.6826,178.9565,179.0478,176.5435,181.8,183.0391,178.6304,23
2023-04,177.91,177.075,177.365,178.16,175.175,180.29,182.635,177.265,176.745,176.235,176.38,176.57,173.57,178.865,180.91,176.005,20
2023-05,167.1,166.3174,166.4739,167.3,164.3609,169.4826,171.7087,166.4565,166.5304,166.0783,166.0826,166.3087,163.2609,168.6652,170.5957,165.7478,23
2023-06,167.8909,167.1409,167.4045,168.0955,165.5273,170.6364,172.0455,167.3318,166.55,166.0636,166.1773,166.4455,163.9045,169.0591,170.4136,165.9318,22
2023-07,169.5857,168.8762,168.8048,170.2048,168.1048,173.3143,173.6238,169.1667,171.6381,171.3381,171.4667,172.0333,169.3381,174.7286,175.9952,171.2381,21
2023-08,185.9913,185.5826,185.4609,186.7957,184.4348,189.8043,190.3957,185.7478,197.7435,197.387,197.5913,197.8348,195.0739,200.4174,202.187,197.2304,23
2023-09,192.4762,192.3857,192.2143,193.6429,191.2381,196.4667,197.4667,192.4857,207.619,207.3571,207.319,207.7952,204.7238,210.2381,212.4857,207.0381,21
2023-10,182.2182,181.9682,181.8318,183.1727,180.7591,185.9,186.8727,182.0727,204.7591,204.6818,204.45,204.8818,201.6773,207.3864,209.3955,204.1682,22
2023-11,177.4273,177.3136,177.25,178.5364,176.5909,181.9909,181.5864,177.4955,188.4182,188.2045,188.1455,188.5864,186.0045,191.7273,192.1273,187.9455,22
2023-12,167.8286,167.7286,167.6238,168.8286,166.8143,172.1952,172.419,167.8762,177.5143,177.2238,177.2286,177.6381,174.8238,180.5286,181.7333,176.9667,21
2024-01,170.1304,169.987,169.9565,170.9391,169.0435,173.7174,175.9348,170.1261,178.2043,177.787,178.0,178.1565,175.3957,180.9609,182.5957,177.6391,23
2024-02,182.2429,182.3762,181.9905,182.9429,180.5095,184.9143,188.5095,182.1857,189.3571,189.0048,189.3476,189.4667,186.0286,191.619,194.5429,188.7667,21
2024-03,182.0286,182.2667,181.8286,182.9,180.5238,184.9476,188.2952,182.0762,185.3429,185.181,185.4333,185.5476,182.2381,187.9238,190.4762,184.8714,21
2024-04,187.9364,188.1818,187.7909,188.6955,186.7318,191.3,193.9273,188.0318,186.4,186.2318,186.4773,186.6864,183.6773,189.4045,191.3545,186.0136,22
2024-05,178.1043,178.3739,177.8957,178.6435,176.5826,181.5174,183.7957,178.1348,177.8739,177.8348,177.8522,178.0348,175.0348,180.9565,182.8348,177.4348,23
2024-06,171.375,171.585,171.13,172.105,169.945,174.6,177.585,171.4,176.37,176.23,176.305,176.695,173.5,179.345,181.785,175.925,20
2024-07,174.2304,174.3435,174.0174,174.8043,173.1217,177.8696,179.5304,174.2739,177.5174,177.3957,177.4348,177.8043,175.0565,180.9217,181.9696,177.1391,23
2024-08,167.6909,168.0318,167.5864,167.9955,167.1727,172.0682,172.6091,167.9,170.4273,170.0455,170.2818,170.6364,168.7682,174.75,174.5545,170.15,22
2024-09,158.9429,159.2429,158.8,159.2,158.5714,163.3762,163.8667,159.1429,159.7857,159.4,159.5857,159.7619,158.3952,164.3476,164.019,159.5524,21
2024-10,160.8913,161.213,160.7391,161.2174,160.6087,165.3043,166.0,161.1261,162.0391,161.5652,161.8087,162.0087,160.6696,166.5348,166.5435,161.7913,23
2024-11,161.8476,162.2238,161.719,162.2476,161.7524,166.5048,166.9,162.1429,166.0,165.581,165.7095,165.8619,164.6476,170.5762,170.2952,165.7381,21
2024-12,164.6636,164.9818,164.5273,165.0182,164.4227,169.2091,169.6182,164.9182,168.2682,167.9955,168.0455,168.2545,167.0,172.9773,172.6773,168.0727,22
2025-01,169.3217,169.6043,169.0913,169.5957,168.9304,174.3522,173.5174,169.5174,177.5565,177.2957,177.2565,177.6478,176.1261,182.0435,181.4609,177.2957,23
2025-02,169.615,170.1,169.4,170.01,169.28,174.675,174.075,169.91,174.735,174.675,174.51,174.995,173.39,179.26,178.39,174.575,20
2025-03,164.2667,164.5667,163.6762,164.2619,163.3429,168.7381,168.4667,164.2667,168.8048,168.6095,168.581,169.0286,167.2857,173.1381,172.6905,168.5762,21
2025-04,160.45,160.9045,160.0773,160.6091,159.8409,165.2182,164.5864,160.6091,164.7045,164.5318,164.3864,164.8455,163.2864,169.1409,168.3227,164.4545,22
2025-05,156.4227,156.7818,156.2636,156.4727,155.9136,161.1864,160.5455,156.6,158.6136,158.3773,158.4,158.5864,157.3591,163.1091,162.3409,158.4091,22
2025-06,161.2429,161.4952,161.0571,161.281,160.5381,165.7333,165.3905,161.3476,164.1619,163.7714,164.0619,164.1524,162.8,168.4952,168.1381,163.9571,21
2025-07,160.1,160.8391,160.2826,160.4565,159.7261,164.4,163.8478,160.5261,168.9565,168.7435,168.8522,168.8913,167.6261,173.2913,172.4826,168.7652,23
2025-08,162.5476,162.9524,162.6905,162.8,161.8095,167.1667,165.9619,162.8,167.5905,167.319,167.519,167.4667,166.5476,172.0905,171.0952,167.4619,21
2025-09,164.2364,164.9,164.35,164.1273,163.7,168.35,167.75,164.5455,167.4273,167.1091,167.1682,167.2455,166.2727,171.8409,170.9318,167.2,22
2025-10,161.6957,162.0522,161.9478,161.6609,161.4,165.9957,164.7522,161.9826,167.2261,166.9478,167.1348,167.213,166.413,171.8783,170.6609,167.1348,23
2025-11,164.625,165.06,165.02,164.68,164.535,169.025,167.815,165.0,174.705,174.615,174.69,174.705,174.005,179.445,178.435,174.715,20
2025-12,160.7913,161.2739,161.1783,160.8348,160.3391,165.2522,164.787,161.1391,162.9522,163.013,162.8565,162.8565,161.8043,167.3696,167.0826,162.8783,23
2026-01,153.3682,153.8545,153.6864,153.3409,153.3273,157.7409,157.6,153.7455,158.6045,158.1545,158.4909,158.1818,157.0727,162.8773,162.3818,158.3227,22
2026-02,152.97,153.34,153.435,153.175,153.165,157.54,156.985,153.405,163.14,162.905,163.055,162.82,161.755,167.7,166.895,162.925,20
2026-03,210.0227,210.0909,210.4591,210.3364,210.3955,214.55,211.7227,210.3727,249.8364,249.0636,249.5,249.1545,248.4818,253.9091,250.3955,249.3545,22
2026-04,193.9045,194.0182,193.3591,193.6909,192.0091,197.8545,196.7455,193.6636,272.2409,272.6273,271.7727,271.7818,269.0182,278.1909,272.5091,271.5545,22
2026-05,177.8952,177.6048,177.9476,177.4381,176.4095,185.1619,181.8095,177.8095,212.2952,212.4048,212.2667,211.7762,207.1619,220.0238,214.819,211.3762,21
2026-06,156.8273,156.6591,157.1227,156.3727,155.9273,165.6955,161.4318,156.9591,180.1591,180.55,180.1091,179.45,175.5136,189.7591,182.2591,179.3864,22
2026-07,169.9913,168.7,170.3043,169.3478,168.8087,177.8043,173.6043,169.687,199.2913,199.1652,199.2913,198.1,193.9783,209.2522,201.1087,198.2609,23
2026-08,196.181,195.1238,196.5857,195.081,195.0952,204.0571,199.2286,195.919,240.4762,241.0429,240.4095,239.1048,234.8048,250.6429,241.8952,239.4571,21
2026-09,203.4556,201.4667,203.7889,201.4222,201.1222,210.1556,205.6556,202.5667,243.0778,242.7111,243.4667,240.8778,235.9444,251.8444,242.4667,241.5889,9
