lga_code,state,lga_name,median_income,earners,income_group,persons,dwellings,lv_2021,lv_2022,lv_2023,lv_2024,lv_2025,bev_2021,bev_2022,bev_2023,bev_2024,bev_2025,solar_n,solar_kw,battery_n,battery_kwh,chg_sites,chg_fast,chg_points
89399,ACT,Unincorporated ACT,75643,331830,3,453764,187063,299771.4,305282.6,312009.9,318249,324365.5,685.3,1467.2,3020.3,6455.5,9942.4,68611.4,540572,9530.5,269250.7,25,17,92
10050,NSW,Albury,56268,36866,2,55975,25406,37890.1,38920.3,39878.6,40997.9,41714,12.9,25.8,76.4,157.9,223.5,12359.1,89067.3,1430.8,37507.8,3,2,18
10180,NSW,Armidale Regional,49904,18042,1,29148,12940,20390.4,20809.9,21129.9,21512.8,21763.6,10.5,14.3,19.3,45,81.1,5746,39135.6,543.4,13170.5,4,1,8
10250,NSW,Ballina,49458,30645,1,46238,20956,34466.3,35355.8,35515.3,35738.2,36523,36.4,67.2,136.7,251.7,362.2,13682.3,83243.6,1473.4,35460.5,4,2,10
10300,NSW,Balranald,45027,1591,1,2209,1076,1574.7,1582,1611.1,1622,1619.1,0,0,0,0,0,463.3,4391.9,13.2,406.2,1,1,1
10470,NSW,Bathurst Regional,57727,27605,2,43595,18383,34113.2,34958.3,35616.5,36245.5,36799.1,4.9,20.3,47.3,110,156.4,8232.4,61508.7,1085.9,27640.3,7,5,25
10500,NSW,Bayside,59885,125172,3,175145,74781,109940.1,113459.4,120669.5,123773,126130,96.3,204.5,658,1723.6,2374.1,9235.4,76053.3,1828.9,58893,3,1,4
10550,NSW,Bega Valley,44831,23198,1,35827,18851,30060.2,30458.2,30770.8,31237.8,31407.2,16.6,29.7,62.6,128.9,176.8,9084.2,52901.7,803.4,19577.8,6,3,17
10600,NSW,Bellingen,42240,8145,1,13250,6353,10644,10881.4,10928,11024.9,11172.1,8.3,14,25.7,53.4,77.1,3766.7,22155.5,393.4,8910,2,1,3
10650,NSW,Berrigan,43238,5612,1,8661,4241,6805.4,7033.6,7091.9,7197.5,7187.6,0.6,3.6,4.4,9.3,14.3,2503.4,19772.7,206.2,4823.9,0,0,0
10750,NSW,Blacktown,62478,260218,4,396703,133947,235766.8,240354.2,248079.9,258615,268019.1,113.7,298.6,901.7,2370.8,3777.5,68705.3,512393.4,13437.4,479224.7,23,11,423
10800,NSW,Bland,50264,3705,1,5555,3089,4979.3,5109.9,5225.3,5283.6,5255.2,0,0,0,0,0,1386.1,10461.8,112.8,3138.7,1,1,4
10850,NSW,Blayney,55526,4787,2,7499,3227,6633.1,6645.9,6757.8,6821.9,6929.2,3,0.2,8.6,17.8,28.2,1521.8,11666.3,210.3,5176.4,0,0,0
10900,NSW,Blue Mountains,58987,50915,3,78038,35250,56326.6,56551,56478.1,57121.5,58318.5,62,129,250.7,553.5,856.4,15372.7,99525.8,2673.1,70649.7,5,4,13
10950,NSW,Bogan,54181,1742,2,2460,1279,2331,2386.2,2382.2,2357.6,2376.2,0,0,0,0,3,705.8,4798.6,57.4,2024,1,0,1
11150,NSW,Bourke,52034,1639,2,2346,1309,1850,1839.1,1856.7,1899,2091.5,0,0,0,0,2.9,844.5,5797.8,32.8,1165.7,1,0,2
11200,NSW,Brewarrina,49948,753,1,1358,764,909.1,889.6,883.6,895.2,881.9,0,0,0,0,0,487.5,2996.3,11,354.6,1,0,2
11250,NSW,Broken Hill,58284,9762,3,17587,9571,12795.9,12695.7,12641.2,12716.2,12676.3,2.9,3.9,4.9,7.8,10.7,6739.3,38524.2,473.1,11627,1,0,1
11300,NSW,Burwood,51481,29991,2,40262,16194,21004,21501.3,21579.8,21862.7,21894.2,39.2,56.4,116.9,289.6,416.9,2139.2,17440.4,514.4,17337.6,6,0,6
11350,NSW,Byron,39703,28071,1,36181,16975,29454.5,30102.2,29874.2,30263.8,30650.5,85.6,154.9,256.3,401.1,513.4,11071.7,75501.5,1414.4,37150.1,6,2,17
11400,NSW,Cabonne,53284,8872,2,13774,5892,11437.1,11593.1,11895.1,11950.8,12133.1,4.7,4.1,16.8,32.5,44.7,3084.2,23039.4,326.2,8774.5,1,1,4
11450,NSW,Camden,67889,81140,4,119303,39651,78599.5,83453.5,88175.8,93202.1,97835,29.6,93.9,233,624.6,1046.3,23917,200986.6,4011.7,133957.2,9,5,24
11500,NSW,Campbelltown,58570,108290,3,176375,63033,111247.6,109058.4,111935,114575.1,117280.2,35,94.3,259.3,692.4,1071.4,29765.3,212461.4,4580.1,154918.1,10,7,31
11520,NSW,Canada Bay,69770,64573,5,89142,39097,55665.4,55635.7,56227.3,57008.6,56855.7,111.2,215,462.6,957.3,1333.8,5366.5,43823.9,1219.2,39312.7,6,4,17
11570,NSW,Canterbury-Bankstown,50569,219171,1,371079,133515,225757.5,223946.9,226734,234065.5,239154.5,119.9,231.6,528.6,1298.7,2040.2,28875.7,227099.1,5238.2,179131.7,11,6,30
11600,NSW,Carrathool,50307,1938,1,2898,1327,2462.6,2453.2,2482.9,2550.6,2549.4,0,0,0,0.5,3.7,640,6334.4,61,1850.5,0,0,0
11650,NSW,Central Coast,55035,215575,2,346695,152687,253814.7,255471.8,256792.3,260082.4,263933,153.4,308.6,674.1,1432.2,2267.5,56892.1,392835.1,7616.8,201343.2,12,6,49
11700,NSW,Central Darling,39941,942,1,1729,1046,1158.4,1132.5,1162.5,1132.2,1162.6,0,0,0,0,0,718.9,4828.2,29.9,914.3,1,0,1
11720,NSW,Cessnock,57447,38322,2,63646,25806,46532.6,47760.4,49058.7,50585.1,52432.9,7.5,21.2,42.2,113.6,192.8,13557.7,98595.2,1682.6,44153,3,1,17
11730,NSW,Clarence Valley,44298,30647,1,54249,26132,41214.5,41633,42357.9,42785.9,43477.7,0.7,16.4,41.6,74.9,123,14701.8,93493.6,1445.6,34110.4,4,3,32
11750,NSW,Cobar,60262,2554,3,4080,2342,3301.6,3343.2,3352.3,3364.4,3384,0,0,0,0,0.2,1320.1,8417.6,82,2456.6,1,0,1
11800,NSW,Coffs Harbour,47990,50925,1,78726,34653,58289.6,60698.9,60394.5,61556.7,62490.9,9.8,42.4,113.5,218.3,313.1,17402.4,110689.7,1678.7,38781.3,4,4,38
12000,NSW,Coolamon,52125,2807,2,4400,1980,3668.6,3757.3,3890.5,4034.3,4115.2,0,0,0,3.4,4.6,1084.4,7546,116.2,2869.5,3,1,3
12150,NSW,Coonamble,45183,2192,1,3704,1811,3141.1,3139,3175.2,3158.4,3202.8,0,2.4,3,2.4,0,1171.9,7397.3,65.5,2105.2,1,0,1
12160,NSW,Cootamundra-Gundagai Regional,49224,6910,1,11391,5521,9509.6,9652.8,9816.5,9821.1,9980.7,2.9,2.9,0,6.7,18.4,2764.5,18733.3,250.7,5715.4,4,3,21
12350,NSW,Cowra,46606,7617,1,12723,6236,10713.3,10830.5,10957.9,10937.2,11063.4,0.6,0,3.6,9.9,14.5,2996.2,21783.5,277.1,7823.9,2,1,3
12380,NSW,Cumberland,50276,147622,1,235291,83094,136542.7,137436.2,140585.5,145730.8,149022.3,73.3,214.5,466.6,955.9,1408.8,17448.1,140313.4,3093.4,110794.2,3,3,12
12390,NSW,Dubbo Regional,58431,34783,3,54882,22700,41807.7,42849.9,43511.6,44234.3,44745.2,16,28,38.9,82.2,113.3,14470.5,92945.6,1046.7,30671.2,5,4,18
12700,NSW,Dungog,51548,6162,2,9570,4232,7913.3,8151.6,8379.5,8602.8,8739.6,3.4,1.7,11.4,28.9,42.7,2517.1,18861.2,298.3,8217,0,0,0
12730,NSW,Edward River,49165,5789,1,8422,4228,7011.2,7136.8,7158.8,7256.4,7354.9,0,0.1,2.6,6.2,7.9,2190.5,18204,189.7,4619.1,0,0,0
12750,NSW,Eurobodalla,43471,24469,1,40462,24530,33615.5,34237.1,34469.2,34906.6,35209.1,12.3,29.3,74.2,151.6,208.5,10194.7,64247,1110.6,25042.4,7,6,17
12850,NSW,Fairfield,48037,108484,1,208424,67630,131130.5,130973.4,132902.7,137517.5,140158.7,35.8,80.2,233,614.5,877.5,22666.2,183797.5,3596.4,131172.8,4,4,9
12870,NSW,Federation,48642,8464,1,12855,6596,9590,9736.4,9807.2,9928.2,9952.7,3,3,9,11.4,21.3,3856.4,27839.5,296.9,6695,0,0,0
12900,NSW,Forbes,51698,5857,2,9315,4357,7991.9,8072.7,8200.8,8321.2,8352.9,0,0,3,5.1,8.7,1931.2,14433.9,133,3636.8,1,1,4
12930,NSW,Georges River,58246,107901,2,152120,58368,87414.6,87729.7,88663.5,90780.4,92477,80.5,168.7,402.6,953.2,1422,11243.9,84599.2,2454.3,83573.9,6,0,6
12950,NSW,Gilgandra,44554,2495,1,4320,2144,3265.3,3321.5,3397.6,3450.4,3480.2,0,0.7,0.1,3.6,0.2,1221.5,7716.7,84.7,2654.5,1,1,2
13010,NSW,Glen Innes Severn,38504,4946,1,8875,4612,7048.4,7140.5,7259.1,7347,7429.3,3.2,3.2,3,8.6,9.6,2023.2,13405.5,181.4,4863.5,1,0,1
13310,NSW,Goulburn Mulwaree,56536,19782,2,31929,14724,26897.8,27621.6,28281.4,28778.7,29577.2,13.9,21.6,55.2,102,149.7,5893.5,42504.5,727.5,20771,6,6,35
13340,NSW,Greater Hume Shire,51166,7169,2,11147,4901,9106.2,9394.7,9626.7,9735.9,9789.1,2.6,0.3,9.4,28.5,28.5,3101,22887.3,419.4,10350.9,2,2,20
13450,NSW,Griffith,54816,19893,2,27080,10805,21835.1,22196.2,22375.1,22949.4,23350.3,5,6,9,23.9,31,4948.8,48609.4,569.1,19020.9,2,2,7
13550,NSW,Gunnedah,57828,8135,2,12915,5837,10299.9,10326.9,10622.4,11014.8,11104.6,3,4.9,3.4,10.6,11.3,2679,19702.2,199.7,5515.5,1,0,1
13660,NSW,Gwydir,43354,2876,1,4898,2435,4139,4205.7,4321.3,4353,4364.5,0,0,0,3.1,0.2,1340.1,9088.1,89.3,2219.6,0,0,0
13800,NSW,Hawkesbury,60727,45221,3,67194,25395,53826.2,54790.3,55889.9,57423.2,58835.8,22.1,36.4,98.6,247.9,394.8,12448.7,116741.5,2131.1,73457.1,0,0,0
13850,NSW,Hay,50034,1958,1,2898,1568,2547.3,2493.1,2525.7,2599.9,2647.8,0,0,0,0,0,761.9,6942.7,57,1791.6,2,2,7
13910,NSW,Hilltops,47896,11633,1,19226,9214,17363.1,17678.3,18021.7,18522.2,18939,9.2,3.2,21.4,27.8,38.2,4385.8,32790.2,446.1,11779.9,5,2,9
14000,NSW,Hornsby,66555,106372,4,151794,55812,97121.4,97004.4,97525.6,99267.2,100215.9,141.3,312.9,685,1558.8,2405.3,18491.8,145776.9,4577.3,154392.9,5,2,7
14100,NSW,Hunters Hill,80855,9605,5,13544,5333,8980.1,9018.5,8987.8,9126.2,9206.3,41,77.1,147.6,252.4,345.7,1182,9727.9,279.3,9199.3,0,0,0
14170,NSW,Inner West,75949,136440,5,182952,85320,97305.6,97827.3,98644.8,100990.2,102622.6,132.6,305.2,952.9,1908.8,2949.2,11145.3,79723.9,2069.6,52936.5,23,4,43
14220,NSW,Inverell,47430,10008,1,17851,8183,13343,13655.7,13818,13900.2,14139.2,0.1,3.1,3,3.2,8.4,3871.8,26220.8,276.3,6924.2,0,0,0
14300,NSW,Junee,54575,3688,2,6433,2508,4354.8,4450.5,4532.3,4658.5,4660.6,0.2,0.2,3.5,8.5,11.2,1127.8,7275.6,106.5,2111,0,0,0
14350,NSW,Kempsey,43156,16459,1,30740,14305,23924,24382.2,24708.5,25001.3,25443.8,7,9.3,15.1,31,48.3,7242.3,44854.6,539,12483.6,1,1,4
14400,NSW,Kiama,53652,15114,2,23045,10798,18079,18449.6,18338.5,18392.6,18518,22.1,39.2,73.4,164.7,251,4879.6,32967.4,833.9,19535.8,0,0,0
14500,NSW,Ku-ring-gai,69492,89631,5,124028,45906,79982,79240.7,79020.7,80462.2,80929.3,306.6,558.3,1130.5,2332.8,3401.8,12643.2,107592.9,3556,122198.6,0,0,0
14550,NSW,Kyogle,36648,5397,1,9351,4696,7307.6,7410.2,7511.9,7591.3,7635.5,3.2,4.5,4.9,7.8,13.4,2883.5,17124.7,305.5,7971.2,2,0,3
14600,NSW,Lachlan,50030,3818,1,6112,3004,5385.1,5425,5392.4,5413.2,5455.2,0,0,3,0,2.9,1794.5,13676.9,120,3508.5,0,0,0
14650,NSW,Lake Macquarie,58267,135601,3,213597,88753,159765.2,162379.1,164719.5,167795.5,170773.8,82.5,164.3,348.8,804.5,1278.3,40308.7,270931.3,5402.1,138093.8,7,2,16
14700,NSW,Lane Cove,85425,30370,5,39478,17288,23661.2,23746.9,23981.7,24475.1,24627.5,87.2,159.7,297.9,602.2,907.2,2742.5,23460.4,648,19304.2,9,1,12
14750,NSW,Leeton,53020,7205,2,11475,4737,9456.3,9369,9512.7,9593.3,9641.4,0,3,4,8,12,2238.5,21232.5,289.4,8422.2,1,0,1
14850,NSW,Lismore,47796,27334,1,44313,19788,35426.1,35905.6,35777.5,35918.1,36197.9,20,38.1,68.7,146.9,203.6,12859.1,79057.1,1468.7,37081.1,1,0,2
14870,NSW,Lithgow,52480,11680,2,20792,10240,17295.4,17536.4,17605.5,17836.3,18048.9,4.1,9.3,23.8,47.6,64.9,4041,27831.1,494.9,13003,4,4,11
14900,NSW,Liverpool,57763,138153,2,233433,77913,143264.3,147997.7,152970.1,158656.3,163541.7,51.5,132.2,376.4,976.7,1511.6,32000.1,249627.1,5423.6,192189.2,6,4,9
14920,NSW,Liverpool Plains,47606,4517,1,7544,3690,6553.3,6636.4,6754.8,6848.2,6877.9,0,0,3.1,3.1,5.4,1629.7,11363.4,160.6,3700.6,1,0,1
14950,NSW,Lockhart,51007,1990,2,3332,1403,2725.1,2762.6,2805,2864.1,2917,0.2,0,0.6,1.2,4,887.9,6004,92,2127.5,3,0,3
15050,NSW,Maitland,60930,58392,3,90124,35434,69005.3,71547.4,73906.7,76924.9,78646.8,19.1,52.1,122.1,278.4,454,19213,148762,2490.2,64389.7,4,2,13
15240,NSW,Mid-Coast,42945,54145,1,96624,50466,77198.3,78796.4,79886.8,80817.4,82045.9,25,45.2,95.2,203.9,298.5,25093.8,155357.3,2076.1,49068.2,6,4,26
15270,NSW,Mid-Western Regional,52523,15833,2,25674,12233,22315.5,22848.9,23336.6,23703.4,24197,7,7,14.9,35.8,55.3,5625.7,42249.5,535.7,14816.2,3,1,3
15300,NSW,Moree Plains,56977,8123,2,12773,6228,9273.6,9455.4,9585.8,9614.2,9579.8,3,0,3,3,5.9,3736.6,24741.9,169.1,5293.3,2,2,6
15350,NSW,Mosman,83702,21974,5,28351,13507,18401,18346,18214,18417,18489,96,169,307,557,766,1671,14184.7,344,9996.4,2,0,3
15520,NSW,Murray River,48583,8035,1,12843,6262,7181.3,7502.6,7621,7748.7,7835.5,0,0,5.5,9.2,14.5,3496.2,29664.9,309.9,7812.4,1,0,1
15560,NSW,Murrumbidgee,51985,2460,2,3332,1621,3309.8,3399,3470.6,3486,3490.9,0,3,0,6.1,3.1,975.3,8107.9,95.8,2739.6,3,2,13
15650,NSW,Muswellbrook,59457,9961,3,16361,7279,13161.1,13351.5,13834.5,14258.7,14568.3,0,0.1,3.1,13.3,33.2,2900.1,23543.3,319.5,8676.7,1,1,6
15700,NSW,Nambucca,39407,11478,1,20419,9968,15787.7,16130.4,16310.1,16549.6,17091.2,3,5,17.7,36.1,47.1,5398.9,30932.1,455.2,10355.2,2,2,6
15750,NSW,Narrabri,55939,8233,2,12674,6023,10879.4,11027.2,11161,11358,11511.3,3,3,7.7,8.7,11.7,4191.6,22961.3,169.2,4693.4,2,2,8
15800,NSW,Narrandera,49059,3523,1,5657,2721,4833.3,4876.6,4922.6,5068.3,5164.9,0,0,0,3.2,4.3,1340,10017.1,130.6,3608.7,2,2,8
15850,NSW,Narromine,50115,3952,1,6378,2838,5180.9,5258.3,5398.2,5422.1,5443.7,0,0,0,5.8,6.5,1898.8,12466.5,108.7,3560.6,0,0,0
15900,NSW,Newcastle,61846,113498,3,168913,74588,123375.5,125127.3,126415.6,128309.4,130721.5,89.1,174.6,376.3,824,1325,23883,161550.5,3492,87391.8,24,0,600
15950,NSW,North Sydney,88760,54963,5,68988,39009,41290.4,41360.9,41455.2,42068.8,41985.9,146.8,283.8,527.4,969.6,1379.6,2091.2,16448.3,415.8,11321.5,7,2,22
15990,NSW,Northern Beaches,67899,196195,4,263445,104913,179206,179409,179821,182447,184377,409,752,1384,2713,3972,25669,202214.9,5321,152552.7,24,6,40
16100,NSW,Oberon,54011,3409,2,5592,2808,5005.6,5052.8,5110.8,5168.3,5236.1,3.1,4.4,5.1,11.6,15.7,1143.6,7932.3,127.3,3310.9,0,0,0
16150,NSW,Orange,60777,27666,3,43583,18671,33439.6,33979.1,34617.3,35164.7,35688.1,20.7,36.8,79.4,152.3,210.1,8568.9,65887,1091.6,28516,6,1,11
16200,NSW,Parkes,53640,8689,2,14372,6669,11823.1,11865.7,11826.6,12034.7,12156.1,0,0,3,9.8,20.5,3378.6,22782.7,289.4,7716,2,2,8
16260,NSW,Parramatta,61730,181940,3,256589,106673,159817.7,160845.7,163519,166214.9,166671.9,175.7,365,945.9,2221.2,3300.8,20217.4,162401,4849,170790.3,8,5,15
16350,NSW,Penrith,63669,138507,4,217532,81179,144223.9,146313.8,149177.4,152446.3,155407.7,40.1,109.5,271.8,688.2,1172.5,33329.2,260593.5,5261,169895.7,9,7,19
16380,NSW,Port Macquarie-Hastings,47536,53938,1,86913,40036,66625.5,67886.7,69972.9,70810.5,72505.2,26,61.2,116,266.1,413.7,22599.3,138536.8,1878.3,44441.7,7,5,36
16400,NSW,Port Stephens,51766,46476,2,75217,35645,57447.3,58912.5,59917.8,60939.8,62279.5,26.1,59.8,117,270,388.4,17017,111067.3,2044.5,50184.6,6,5,37
16490,NSW,Queanbeyan-Palerang Regional,74963,45394,5,63265,26577,49097.9,50326.3,51340.6,52300.6,53356.1,47.5,102.5,245.8,519.4,838,13020.5,108183.1,2136.3,61678.2,3,1,4
16550,NSW,Randwick,69078,102199,5,134180,60014,69299.3,70341.6,70817.4,71889.8,72101,151.6,275.9,512.8,1051.4,1483.9,7219.8,55269.6,1479.5,43073.2,10,6,19
16610,NSW,Richmond Valley,46487,13537,1,23583,10622,17446,17718.9,17900.5,18071.5,18366.3,0.2,3.7,10.8,20.2,39.8,6624.5,40531.1,657.9,16038.6,2,1,13
16700,NSW,Ryde,64077,94233,4,129074,55696,77945.4,79668.5,80947.6,83432.1,84974,136.5,339,816.2,1787.3,2589.7,9580.2,76953.3,2473.3,83729.1,8,5,32
16900,NSW,Shellharbour,58886,48351,3,76217,29890,55141.9,56443.4,57817.5,59394.4,60852.5,14,39.2,109.9,270.5,421.9,13321.1,89035.8,1707.8,43561,3,2,13
16950,NSW,Shoalhaven,47544,63610,1,108418,58729,86631.6,88938.1,89732.1,90900.9,92210.6,41,87.4,175.5,379.5,565.3,25370.6,168433.5,2968.7,72107,6,4,22
17000,NSW,Singleton,60741,16090,3,24614,9823,21257.1,21794.8,22784.8,23336.5,23704,3,8,16,42.6,60.2,5293.9,44468.8,676.5,18468.1,0,0,0
17040,NSW,Snowy Monaro Regional,52872,15160,2,21594,12278,18982.8,19603.7,19831.5,20093.8,20101.3,11.8,20.6,36.6,77.8,103.4,4221.8,31910,435.7,12776.5,12,6,28
17080,NSW,Snowy Valleys,52064,9164,2,14860,6985,12784,12874.3,13005.1,13133.5,13275.7,0.3,3.3,10.9,16.3,23,3622.5,23677.9,326.1,7654.5,3,1,6
17100,NSW,Strathfield,58090,34937,2,45555,18255,25992.6,26602.5,26952.3,27672.6,28348.2,50,84.3,185,450.1,615.1,2089.2,20489.1,513,18704.4,3,2,4
17150,NSW,Sutherland Shire,69239,160524,5,230116,90988,158786.5,160205.1,161585.6,164998.4,167877.7,137.6,281,690.5,1596.2,2399.1,24786.3,188643.4,4612,137429.8,6,4,20
17200,NSW,Sydney,65191,182897,4,211678,124081,101595.2,103779.4,106264.6,106965.2,105725.9,421.8,692.1,1209.9,2700.6,4249.7,3559,37003.3,505,12981,12,5,37
17310,NSW,Tamworth Regional,54413,40220,2,62958,27614,48712.4,49628.2,50858.4,52068.9,52984.9,6,15.9,35.9,94.6,140.5,12411.5,88244.3,1140.4,28795.1,1,1,4
17350,NSW,Temora,47313,3875,1,6023,2882,5048.4,5093.7,5190.6,5317.8,5353.7,0,0,2.9,7.7,8.8,1299.2,9760.1,127.2,3148.1,1,1,2
17400,NSW,Tenterfield,30613,3879,1,6830,3947,5442.2,5493.3,5545.4,5638.5,5684.9,0,3.5,3.6,6.2,11.5,1952.4,12133.2,188,5041.9,2,1,5
17420,NSW,The Hills Shire,70634,137880,5,191738,64164,127047.4,129343,132717,138052.5,140981.1,164.2,383.8,1065.2,2536.5,3838.2,34541.7,286421,8638.8,315482.4,7,4,20
17550,NSW,Tweed,47909,60817,1,97380,44612,63350.8,64516.4,64956,65789.2,66088.1,27.6,91.1,210.1,409.7,561.6,27811.7,171721.5,2539.9,63327.1,2,1,5
17620,NSW,Upper Hunter Shire,53636,9431,2,14213,6748,11680.7,11862.7,12204.7,12506.6,12615.8,0,0,6.8,16,24,2843.6,22749.7,270.3,7181.1,1,0,2
17640,NSW,Upper Lachlan Shire,49763,5432,1,8453,4530,7987.4,8158.5,8269.2,8439.1,8582.8,3.8,4.1,13.4,20.9,37.4,2148.8,15104.7,305.2,8207.4,1,0,1
17650,NSW,Uralla,46910,3820,1,5971,2754,5041.2,5043.7,5145.8,5237,5216.9,3.4,0.6,5,7.5,10.6,1336.3,8872.2,153.6,3664.1,0,0,0
17750,NSW,Wagga Wagga,59030,43893,3,67573,28226,49805.5,50591.4,52114.1,53411.5,54087.3,10.9,30.7,60.5,138.3,201,12145.7,84597.7,1278.9,31329.4,8,5,19
17850,NSW,Walcha,44744,1926,1,3031,1640,2837.8,2888.9,2912.3,2848.2,2851.6,0,0,0,2.6,3.5,593.2,4059.7,52.7,1414.1,0,0,0
17900,NSW,Walgett,43197,3241,1,5270,2852,4705.2,4648.2,4735.1,4775.6,4770.9,0,0,0,0,0,1828.3,11033.5,61.5,1608.4,1,1,1
17950,NSW,Warren,47858,1716,1,2545,1242,2363.2,2448,2478.7,2449,2439.9,0,3,0,0.3,0.3,835.8,5656.1,61.3,1955.6,0,0,0
18020,NSW,Warrumbungle Shire,43195,4967,1,9243,4723,7963.4,8193.4,8315.8,8448.2,8531.1,0,4.2,0,1.2,7.4,3122.9,17897.5,171.8,4834.6,1,1,2
18050,NSW,Waverley,75746,56673,5,68638,32800,35905.4,35876.2,35957.7,36419.6,36329.1,198.4,328.3,531.6,890.7,1257.6,3042.9,23565,532.7,15018.2,1,0,1
18100,NSW,Weddin,41840,2111,1,3638,1854,3223.9,3335.3,3309.3,3323.9,3337.4,0,0,0.1,0.1,4.2,959.7,7066.4,91.7,2197.2,0,0,0
18200,NSW,Wentworth,40160,7001,1,7433,3481,4663.8,4728.7,4729.2,4867.1,4942.9,0,0,0,3,0,1797.9,17740,129.8,3269,0,0,0
18250,NSW,Willoughby,70612,55205,5,75612,31076,46666.9,48458.7,47244.2,47856.5,48027.8,167.1,372.8,666.7,1371.6,2033.5,5300.9,43446.4,1242.6,39664.8,5,1,10
18350,NSW,Wingecarribee,53175,35047,2,52776,23561,44172.5,45619.3,46322.7,47137.6,49360.7,53.4,113.8,221.3,393,535.1,11487.9,88114.8,1726.4,47203.2,8,5,30
18400,NSW,Wollondilly,64204,36444,4,54018,18912,40671.8,41900.1,43530,45134.1,47234.5,15.7,29.5,80,190.4,313.9,11702,93998.3,1581.6,50028.6,3,3,13
18450,NSW,Wollongong,58764,137857,3,214436,89246,147306.4,149364.8,151765.8,154574.4,157115.6,102,228.8,499.9,1121.1,1772.6,29461.4,205027.4,4515,119129.1,7,2,13
18500,NSW,Woollahra,88612,42263,5,53396,26595,31934.5,31642,31457.3,31797.6,31731.9,250.3,405,626.7,980.9,1313,2061.4,18253.7,368,11463.1,13,0,17
18710,NSW,Yass Valley,67361,12151,4,17278,6810,14165.7,14615.5,14932.7,15118.1,15301.5,26.3,44.8,76.9,145.7,227.2,4216.1,35105.3,597.3,16539.7,7,6,30
70200,NT,Alice Springs,67367,19831,2,25872,11612,18748.5,18535.3,18257.3,18204.9,18394.7,14.7,18.7,23.7,52.7,75.6,3573.1,26515.9,126.3,3541.4,2,1,210
70420,NT,Barkly,52485,2567,1,6317,2898,2637.4,2468.4,2384.4,2369.8,2316.7,0.1,0.1,0,0.1,0.2,446.8,4150.2,9.4,347.5,5,2,34
70540,NT,Belyuen,5870,32,1,149,42,37.9,37.1,37.9,39.3,40.6,0,0,0,0,0.1,6.9,87.6,0.4,14.8,0,0,0
70620,NT,Central Desert,24177,733,1,3596,1277,543,478.5,477.2,481.6,483.2,0,0,0,0,0,77.3,1118.8,4.2,178.4,1,0,22
70700,NT,Coomalie,45575,732,1,1270,1050,874.4,827.4,836.6,804.8,817.7,0,0.1,0,0.1,0.2,229.1,2183.3,10,320.6,1,1,4
71000,NT,Darwin,69529,61490,3,80494,34780,62778.1,63916.2,64679.4,65506.8,66483.7,22.9,43.3,95.8,295.2,504.3,8970.2,79383.7,512.2,12915.1,5,1,7
71150,NT,Darwin Waterfront Precinct,92631,191,5,284,265,273.8,306.1,297,278.3,274.7,0.1,0.1,0.5,0.8,1.5,9.7,345.4,0.1,3.4,0,0,0
71300,NT,East Arnhem,17471,1898,1,8768,1973,2642.6,2624.5,2690.8,2730.8,2805.2,0,0.8,0,2.7,3.5,259.1,3355.2,16.2,557.8,0,0,0
72200,NT,Katherine,60859,7414,1,9671,4435,6964.1,6891,6788.5,6796.2,6778.3,0,0,0,0,11,1047.3,10192.2,25.3,817.8,1,1,4
72300,NT,Litchfield,71479,15887,4,21386,8876,16942.9,17397.1,17931.4,18583.2,18800.2,3,4.3,19,34.9,70.1,3412.6,32628.8,204.7,6342.6,0,0,0
72330,NT,MacDonnell,23136,1012,1,5739,2222,928.3,826.3,820.5,834.8,830.5,0.3,0.3,0.3,0.3,0.4,123.1,1803.3,7.9,335.9,2,1,81
72800,NT,Palmerston,73312,26617,5,37313,14571,23805.2,24011.5,24332.4,24858.7,25147.9,3,7.1,17.2,65.5,105.6,6107.9,44349.6,285.6,7072.9,1,1,1
73600,NT,Roper Gulf,32572,1513,1,6512,2930,1411.8,1296.8,1312.8,1354.6,1380.2,0,0.1,0,0.2,0.3,312.9,3985.4,10.2,341.8,1,1,1
74050,NT,Tiwi Islands,25049,633,1,2354,795,598.6,586.1,599.5,621.3,642.1,0,0.3,0,0.6,0.8,131,1658.8,8.2,280.9,0,0,0
74550,NT,Victoria Daly,33103,862,1,2801,1224,667.8,628,629.7,634.1,651.3,0,0.1,0,0.1,0.2,149.2,1880.8,6.5,198.5,0,0,0
74560,NT,Wagait,54853,309,1,418,299,106.3,104.1,106.5,110.3,114,0,0,0,0.1,0.1,49.3,623.9,3.1,105.7,0,0,0
74660,NT,West Arnhem,30310,1465,1,6294,2238,2118.6,2029.3,1944.8,2072,2140.8,0,0.7,0,4.3,5,267.4,3490.6,16.9,593.8,0,0,0
74680,NT,West Daly,30578,531,1,2968,712,754.7,738.9,755.9,783.4,809.6,0,0.4,0,0.7,1.1,117.3,1485.6,7.3,251.6,0,0,0
30250,QLD,Aurukun,17661,418,1,1101,335,294.8,261.5,262.1,279.3,291.3,0,0,0,0,0,12,241.1,1.1,47.2,0,0,0
30300,QLD,Balonne,50981,3145,1,4332,2273,4253.6,4348.4,4447,4594.9,4641.9,0,0,0,0,2.2,1025.4,9483.7,37.9,1155.5,1,1,1
30370,QLD,Banana,56287,9514,3,14507,7222,12565.8,12845.6,13010.1,13270.8,13821.5,3.2,3.3,3.3,8.5,8.7,3014.5,21062.4,123.1,2904.6,1,1,4
30410,QLD,Barcaldine,54809,1952,2,2808,1882,2799,2769,2822,2937,2980,0,0,0,0,3,660,5382.5,18,360.6,3,3,6
30450,QLD,Barcoo,46581,244,1,314,265,366.5,379.1,380.6,378,362.4,0,0,0,0,3,54,655.6,1.3,33.5,0,0,0
30760,QLD,Blackall-Tambo,52339,1244,1,1916,1153,1765,1822,1836,1870,1897,0,0,0,0,0,425,3652.8,17,361,1,0,1
30900,QLD,Boulia,56416,272,3,460,323,399.4,413.1,420.7,426.3,443.8,0,0,0,0,0,139.3,1357.8,2.6,191.6,0,0,0
31000,QLD,Brisbane,63317,912109,5,1242905,519152,914649.7,933663.9,961113.8,996627.5,1013207.6,1369.6,3134.8,6746.4,15956.5,24101.4,228368.7,1544246,24030.9,739808.1,59,14,121
31750,QLD,Bulloo,60811,207,4,328,231,357,355,379,371,367,0,0,0,0,0,152,3607.2,3,56,0,0,0
31820,QLD,Bundaberg,45747,61217,1,99154,46052,77989.9,80951.4,83707.4,86570.2,89192.5,17,30,73.5,172.4,265.4,30128.5,186524.1,1558.9,39469,5,3,12
31900,QLD,Burdekin,53542,11468,2,16648,8259,15014.3,15108.2,15254.4,15558,15944.6,0,0,3,8.1,14.2,5301,49780.5,283.6,7517.6,1,1,2
31950,QLD,Burke,52510,192,1,418,542,177.2,162.4,152.8,156.5,161.7,0,0,0,0,0,80,1169.6,1.5,36.2,0,0,0
32080,QLD,Cairns,55547,116711,3,166788,72497,120701.6,123852.8,127722.6,130921.2,134014.7,44.7,150.9,278.9,619.5,895.9,37333.7,299466.2,2901.2,76601.2,2,1,3
32250,QLD,Carpentaria,52327,1270,1,2080,1650,1599.9,1574.3,1569,1553.2,1566.2,0,0,0,0,0,260.2,3139.8,14,410.1,0,0,0
32260,QLD,Cassowary Coast,40684,20534,1,29183,15122,23315.4,23680.4,24089,24535.3,24928.7,0.8,1.5,13.6,36,59.4,6405.5,53057.4,467.2,11870.8,5,4,14
32270,QLD,Central Highlands,65722,19641,5,27937,14151,23166.6,23291.4,24006.3,24858.5,25502,6.4,3.6,11.3,24.1,34.4,5708.5,47856.8,249.8,6362.9,3,3,3
32310,QLD,Charters Towers,54233,6931,2,11799,5941,8987.5,9183.4,9433.4,9530.2,9853.4,0,3.7,1.1,7,18.7,2602.8,19054.4,192.4,4987,2,1,2
32330,QLD,Cherbourg,23645,391,1,1194,332,803.2,824.1,849.9,866.1,904.8,0,0,0,0,0,147.3,1066.4,7.3,144.9,0,0,0
32450,QLD,Cloncurry,66504,1978,5,3637,2136,2654.5,2619.5,2643,2680.6,2670.1,0,0,0,0.1,0.1,444.7,4916,25.5,725,1,1,1
32500,QLD,Cook,43885,2916,1,4486,3163,2975.2,2978.2,3084.5,3143.2,3232.5,0.1,0.1,2.2,2.5,0.6,620.6,5490.3,29.7,873.5,0,0,0
32600,QLD,Croydon,50301,176,1,274,205,229.1,230.3,232,236.9,243,0.1,0.1,0.1,0.3,0.4,78.1,684.6,5,131.5,0,0,0
32750,QLD,Diamantina,60159,195,4,264,230,259.9,255.6,272,273.6,277.4,0,0,0,0,0,84.8,923,0.8,70.4,0,0,0
32770,QLD,Doomadgee,24057,470,1,1387,376,508.8,453,418,434.7,453.8,0,0,0,0,0,37.4,748.7,0,0,0,0,0
32810,QLD,Douglas,44089,9532,1,12317,6939,9847.7,10223.5,10497.5,10639.6,10822.7,4,10,25.1,44.1,60,3263.3,26682.5,231.6,6460.8,2,1,4
33100,QLD,Etheridge,47158,528,1,711,768,571.5,571.1,576.3,589.2,605.4,0.2,0.3,0.3,0.7,1.1,287.6,2500.7,19.4,515,0,0,0
33200,QLD,Flinders,56165,1077,3,1497,981,1424.4,1431.2,1468.4,1498,1543.5,0,0,0,0.1,0.2,411.2,3453.9,18.1,599,1,1,1
33220,QLD,Fraser Coast,45848,61699,1,111032,52413,85825.2,89135,92226.6,95374.2,98914.2,19,41.3,95.6,207.3,352.7,38656.8,228885.3,2083.9,51305.2,2,2,10
33360,QLD,Gladstone,61916,41608,4,63554,29844,50948,52358.4,54298.7,56777.1,59295.4,8,25,43,89,145,16660.6,112724.9,1005.8,25763.8,5,5,18
33430,QLD,Gold Coast,53824,451951,2,625210,270691,482814.5,494896.6,507350.6,523568.8,536345.8,547.4,1442.1,2936.3,5765.6,8286.6,129085.3,892824.3,12943.2,392533.1,17,7,51
33610,QLD,Goondiwindi,52500,7310,1,10334,4858,10382.3,10654.2,10991,11165.3,11428.3,0,0,3.1,3.2,10,2071.7,15965.5,91.7,2839.8,1,0,1
33620,QLD,Gympie,43380,32535,1,53270,24774,45550.4,47511.9,49354.1,51065,53214.1,14.4,24.4,51,108.4,157.1,19180.6,119050.7,1197.6,31434,2,2,6
33800,QLD,Hinchinbrook,51454,6721,1,10904,5997,9765,9863.3,9999.9,10139.7,10334.3,0,3,5,6.1,9.1,2740,18332.1,172,3954.7,1,0,1
33830,QLD,Hope Vale,30911,439,1,972,352,711.2,718.9,749,760.1,780.7,0,0,0.6,0.6,0,88.1,736.9,3.8,109.3,0,0,0
33960,QLD,Ipswich,59405,149792,3,229239,87210,161923.4,167235.5,173494.3,175741.3,183792.9,78.4,219.3,458.9,1198.3,2104.4,57245.1,370516.2,5210.3,150514.6,11,6,19
33980,QLD,Isaac,83473,12961,5,22064,10920,17178.3,17010.9,17479.7,17906.7,18339.7,0,6.3,7.3,7.5,18.9,2312.2,19942.4,164.3,4539.1,2,2,5
34420,QLD,Kowanyama,29521,390,1,1079,308,288.9,256.2,256.9,273.7,285.5,0,0,0,0,0,11.1,221.7,1,43.4,0,0,0
34530,QLD,Livingstone,58845,26186,3,39417,17833,31261.4,32363,33329.7,34568.6,35740.6,8.7,14.5,25.2,67,120,10563.3,65557,565.2,14222.1,1,1,2
34570,QLD,Lockhart River,26567,307,1,633,226,169.5,150.3,150.7,160.6,167.5,0,0,0,0,0,8.1,162.6,0.7,31.9,0,0,0
34580,QLD,Lockyer Valley,50299,27754,1,41158,16125,34406.5,35362.7,36654.4,38350.8,40079.3,5.4,14.6,33.6,95.3,168.4,13832.1,97547.7,1270.3,39123.8,3,3,9
34590,QLD,Logan,55522,224541,2,345188,125772,254299.6,264271.5,276992.7,291190.4,305148.8,127.3,319.4,763.7,1888.6,3155.5,90231.7,612389.6,8036.8,249564.3,6,4,15
34710,QLD,Longreach,59464,2455,4,3627,2145,3181.5,3238.9,3292.4,3364,3405.6,0,0,0,0,0,775,7487.3,64.7,1801,2,1,2
34770,QLD,Mackay,64712,87086,5,121644,52142,100984.3,102419.5,105310.5,109470.6,113458.5,10,27.7,60.7,159.5,281.3,28977.8,225508,2292.4,61745.2,2,1,3
34830,QLD,Mapoon,30831,152,1,428,148,336.4,336.6,344.5,354.9,366.9,0,0,0,0,0.2,1.6,22.1,0.2,4.6,0,0,0
34860,QLD,Maranoa,55732,8946,3,12827,6478,11469.4,11651.2,11712.4,12141.8,12564.4,0,0,0,4,24,3255.4,22369,120.4,3176,2,1,2
34880,QLD,Mareeba,41391,15805,1,22863,10177,18056.6,18439.7,18944.7,19319.6,19827.8,3.9,7,18.2,32.9,59.4,5298.3,45285.8,388.4,9831.1,0,0,0
34800,QLD,McKinlay,48616,577,1,839,505,744.8,766.5,765.7,763.4,775.6,0,0,0,0,0,138.1,1420.5,6.2,230.1,2,2,5
35010,QLD,Moreton Bay,57332,314043,3,476228,188178,346590.2,357417.8,368987.9,382379.6,395268.3,221.5,480,1083.4,2579,4246.8,129671.4,810412.1,10820.4,303181.8,16,8,46
35250,QLD,Mornington,29703,450,1,1026,370,278,247.1,247.7,263.9,275.1,0,0,0,0,0,15.8,290.1,1.4,57.8,0,0,0
35300,QLD,Mount Isa,77025,12667,5,18706,8992,13906,13785.8,13599.2,13401.1,13480.3,2.9,2.9,0,4.8,8.6,2936,24974.9,112.2,2790.1,3,2,7
35600,QLD,Murweh,55431,2801,2,3950,2267,3482.1,3516.6,3653.7,3730.7,3871.4,0,0,0,3,3,924.5,7478.2,52.9,1804.2,2,2,2
35670,QLD,Napranum,26825,412,1,883,265,694,694.4,710.8,732.3,756.9,0,0,0,0,0.5,2.9,39.6,0.3,8.3,0,0,0
35740,QLD,Noosa,45385,40898,1,56264,28636,48107.9,49211.6,50078.9,51602.1,52499.2,70.9,130,269.5,485.6,682.8,18141.2,119279.2,1512.9,39870.5,3,1,4
35760,QLD,North Burnett,34094,7269,1,10071,5474,9092.5,9295.4,9542,9764.2,10070.3,0,0,3.3,0.6,3.6,2595,18468.7,104.1,2718.2,1,1,1
35780,QLD,Northern Peninsula Area,42561,1266,1,2781,1110,1060.8,1031,1025,999.2,1034.9,0,0,0,0,0,35.7,758.1,1.8,54.3,0,0,0
35790,QLD,Palm Island,37388,641,1,2098,562,1628,1667,1727.4,1807.3,1879.9,0,1.6,2.3,4.3,7.7,354.2,2604.5,36.2,1004.2,0,0,0
35800,QLD,Paroo,48120,856,1,1683,1140,1445,1456,1468,1462,1495,0,0,0,0,0,427,3044.7,20,438.9,1,1,1
36070,QLD,Pormpuraaw,21233,292,1,616,252,165,146.3,146.6,156.3,163,0,0,0,0,0,9,181.4,0.8,35.5,0,0,0
36150,QLD,Quilpie,56491,588,3,710,510,862,870,873,888,928,0,0,0,0,0,224,2404.5,19,493.7,0,0,0
36250,QLD,Redland,59533,106739,4,159205,65229,125068,127363,129788,133279,136895,85,209,410,930,1531,47703,275887,4380,126944.4,4,3,4
36300,QLD,Richmond,55257,593,2,761,432,800.8,842.6,836.8,848.5,861.1,0,0,0,0,0,173.2,1730.9,1.9,37.9,1,1,1
36370,QLD,Rockhampton,59945,51742,4,81961,35751,62783.7,63600.1,65561.8,67631.9,69693.1,18.7,36.5,65.2,162.4,281,17353.2,111773.6,812.2,20396.9,5,4,18
36510,QLD,Scenic Rim,48993,28219,1,42940,18468,36149.2,37322.9,38695.1,39982.1,41615.4,25.9,57.2,108.4,212.9,312.5,14037.1,100237.8,1428.6,43190.9,4,2,26
36580,QLD,Somerset,50152,16014,1,24998,11081,20952.5,21743.6,22567.9,23765.9,24909.4,2.7,8.4,28.4,66.5,123.4,9389.5,62632.1,758.9,22746.9,2,1,5
36630,QLD,South Burnett,44378,18778,1,32977,16033,26887.1,27749,28792.8,29731.3,30815,5.1,0,10.9,36.8,57.3,8242.4,52962,521.9,12032.7,3,2,4
36660,QLD,Southern Downs,41880,23139,1,36301,17505,31232.4,31927.7,32998.1,34014.2,35118.9,6.1,6.2,24.5,48.1,94.1,9778.6,68226.4,486.7,12482,2,2,7
36720,QLD,Sunshine Coast,52638,242168,1,342434,148975,268373.1,278308.9,286710.3,296510.6,305752,212.5,502.1,1111.5,2287.6,3524.5,99246.4,622164.6,7991,214222.4,13,4,39
36820,QLD,Tablelands,41040,17841,1,26147,13159,22519.4,23068.7,23689.3,24279.7,24783.2,2.6,8.6,17.5,31.9,71.3,5964.6,46717.7,542.5,14021.1,1,0,2
36910,QLD,Toowoomba,55551,112998,3,173254,73961,135683.2,139446.5,144448.3,148695.2,153674.4,49.7,112.2,234,514.2,805.7,36089.9,252102.2,2326,60184.5,8,5,18
36950,QLD,Torres,65211,1888,5,3422,1349,1015.7,977.1,933.7,917.8,980.3,0,0,0,0,0,87.8,1102.5,5.9,179.1,0,0,0
36960,QLD,Torres Strait Island,40039,1448,1,4132,1349,1224.5,1177.9,1125.3,1106.1,1181.7,0,0,0,0,0,91.5,1117.4,6.2,188.3,0,0,0
37010,QLD,Townsville,62262,129822,4,192717,83343,143366.3,145716.4,148714.8,152407.3,157303.3,44,122.2,258.9,558.2,1007,49954.5,352815.2,4039.1,110152.1,6,4,14
37300,QLD,Weipa,96818,3008,5,4102,1836,3224.2,3225.7,3302,3401.8,3516.3,0,0,0,0,2.2,19.8,274.4,2.2,57.2,0,0,0
37310,QLD,Western Downs,52022,21482,1,33818,16140,28865.4,29365,30457.8,31674.6,32698.3,0,4,19.9,23.9,43.8,7502.4,58397.4,335.6,8521.3,3,1,3
37340,QLD,Whitsunday,50734,27404,1,37176,18054,27995.1,28791.9,29906.8,31094.6,32299.3,0,7,19.9,28.9,70.8,9972.8,81696.5,1085.7,28185.1,3,2,5
37400,QLD,Winton,55581,826,3,1113,875,1202.3,1250.5,1273.5,1275.5,1306.5,0,0,0,0,0,262,2446,20,471.6,1,1,1
37550,QLD,Woorabinda,32453,315,1,1019,312,297,287,282,282,276,0,0,0,0,0,26,251.4,0,0,0,0,0
37570,QLD,Wujal Wujal,22102,133,1,276,93,201.9,204.1,212.7,215.8,221.7,0,0,0.2,0.2,0,23.3,194.7,1,28.9,0,0,0
37600,QLD,Yarrabah,32512,751,1,2507,525,2048.9,2049.2,2067.3,2112.4,2170.1,0.7,0.9,0.9,2.6,4,199.4,1731.4,13.4,354.9,0,0,0
40070,SA,Adelaide,47492,21468,1,25099,14695,21117,22036,23572,24360,24215,69,124,203,372,602,2335,25950.9,256,6756.9,5,2,12
40120,SA,Adelaide Hills,60685,28570,5,40849,16299,34696.6,35340.9,35947.8,36819.1,37348.6,31,90.3,189,349.8,589.6,11650.5,93546.9,1804.4,51869.8,1,0,1
40150,SA,Adelaide Plains,54990,7072,2,9800,4020,9226.9,9590.4,9997.7,10467.8,10990.3,0,0,3,14.8,44.8,3999,33336.6,575.3,16949.4,0,0,0
40220,SA,Alexandrina,44508,17472,1,28621,16783,25379.5,26002.3,26588.3,27469.3,28389.9,14.8,24.4,50.8,112.9,183.2,12340.8,74041.1,1345.3,32209.9,2,0,3
40250,SA,Anangu Pitjantjatjara Yankunytjatjara,20826,498,1,2337,776,345.2,303.5,300.6,302.7,299.5,0,0,0,0,0,41.7,622.3,2.6,111.5,0,0,0
40310,SA,Barossa,55444,16873,3,25062,11051,23225.7,23770.7,24330.2,24959.7,25409.6,5.2,12.7,42,90.5,137.4,8302.9,59480,984.7,25845.3,3,1,4
40430,SA,Barunga West,52467,1487,1,2606,1935,2610.3,2616.6,2681.4,2778.4,2812.8,0.1,0,0.1,0.1,1.1,1207.8,6821.8,106,2439.2,1,0,1
40520,SA,Berri and Barmera,47863,6612,1,10475,5307,9805.1,9954.4,10114.3,10264.3,10316.1,0,0,0,9.3,14.2,3185.8,24338.2,302.2,7676.3,1,1,2
40700,SA,Burnside,63740,33737,5,46047,19629,33098.4,33678.9,34430.7,35206.8,35534.3,52.6,114.8,259.2,560.1,850.1,10497.1,78016.6,1949.3,54683.2,2,0,4
40910,SA,Campbelltown,56864,37724,3,54773,23234,37929.5,38926.9,39941.3,41231.3,42001,22.4,60.1,127.7,296.9,518,13108.3,84960.7,2042.9,54954.2,2,0,2
41010,SA,Ceduna,53059,2437,2,3515,1918,3072.4,3064.6,3111.1,3239.3,3195.2,0,0,0.5,0.5,2.4,804.7,5559.4,47.2,1076.1,1,1,1
41060,SA,Charles Sturt,60057,82753,4,121788,54938,89578.2,91902.6,93609.6,96812.3,99249.6,38.5,95.2,225.5,554.5,963,27650.8,188187.5,3693.8,96392.8,3,0,3
41140,SA,Clare and Gilbert Valleys,49978,6078,1,9193,4689,9233.9,9277.2,9508.4,9715.1,9797.1,0,0,3,7,14.6,2970.5,21739.9,301.5,7285,3,1,6
41190,SA,Cleve,55872,1157,3,1760,965,1884.7,1934,2010.5,2053.7,2110.9,0,0,0,0.1,0.1,594.5,3889.1,39.6,874.4,1,0,1
41330,SA,Coober Pedy,46672,875,1,1569,1477,1392.7,1357.1,1378,1371.9,1401.4,0,0,0,0,0,90.6,1620.4,3.9,129.7,3,1,3
41560,SA,Copper Coast,46478,8464,1,15048,9218,13402.4,13802,14284.7,14740.4,15131,3,0,4,11.9,16.2,6200.2,38397.6,643.8,14850.4,1,1,1
41750,SA,Elliston,49918,695,1,1029,842,1084.6,1077,1099.6,1140.9,1199.6,0,0,0,0.1,0.1,413.9,2978,42.8,1038.7,0,0,0
41830,SA,Flinders Ranges,45728,1015,1,1642,1090,1641.7,1673.6,1660.1,1655.5,1657.8,0,0,0,0,3.2,601.6,3308.8,44.4,1225.4,1,1,1
41960,SA,Franklin Harbour,49249,800,1,1284,880,1287.8,1316.6,1363.5,1379.8,1404.7,0,0,0,2.9,2.9,501.7,3323.8,47,1162.8,1,0,1
42030,SA,Gawler,57230,15991,3,25018,11044,18432.2,19177.9,19811.6,20697.8,21419.7,2.3,12.1,25.5,68,125.9,7900.7,52040.7,934.8,23741,1,0,2
42110,SA,Goyder,41540,2468,1,4065,2380,4399.6,4438.2,4504.9,4600.5,4701.3,0,0,0.1,2.9,3,1300.4,8531.8,116,2966.2,1,0,1
42250,SA,Grant,54750,5282,2,8638,3761,7476.1,7835.5,8091.5,8344.3,8556.2,0,0,3.7,7.3,12.6,1934.1,16713.1,221.7,5120.1,0,0,0
42600,SA,Holdfast Bay,61007,26420,5,37532,18639,27026.7,27507.5,27737.1,28235.9,28861.6,30.5,58.2,120.5,234.4,395.9,8753.7,56771.1,1253.2,31955.4,3,0,5
42750,SA,Kangaroo Island,39772,3459,1,4923,3312,5299,5422,5839,6080,6320,3,6,8,14,26,1707,11348.5,180,4450.4,4,0,4
43080,SA,Karoonda East Murray,36761,569,1,1007,613,1159.4,1162.5,1176.2,1199.6,1218.5,0.1,0,0,0.1,0.3,310.4,1907.5,19.3,487.8,0,0,0
43220,SA,Kimba,59171,678,4,1042,610,1099.1,1118,1144.2,1168.3,1164.4,0,0,0,0,0,309.1,2258.6,17.4,372.1,2,1,4
43360,SA,Kingston,45440,1566,1,2330,1719,2547.1,2531.5,2616.2,2699.6,2690.6,0,0,0,0.4,3.2,717.5,4644.4,53.6,1360.4,1,0,1
43650,SA,Light,57794,10463,3,15739,6064,13655.9,14023.7,14395.7,14884.7,15470.1,0.9,9.2,19.5,37.8,80.8,5083.1,35970.2,684,17823.3,0,0,0
43710,SA,Lower Eyre Peninsula,54623,3800,2,5895,3043,5008.1,5225.4,5417.2,5583.9,5717.7,0,0,0,2.6,3.4,1712,11250.8,151.3,3765.2,0,0,0
43790,SA,Loxton Waikerie,46887,7363,1,11667,5765,11233.9,11409.5,11517.1,11618.6,11817.6,0,0,0,18.1,13.1,3772.1,27120.2,371.5,10105.8,1,0,1
44000,SA,Maralinga Tjarutja,27427,18,1,96,48,81.5,81,81.9,85.4,83.7,0,0,0,0,0.1,18.9,132,1.1,24.6,0,0,0
44060,SA,Marion,59628,63835,4,94709,41626,66285.7,67599.7,68899,70355.8,71806.9,40.2,77.9,157.6,406.2,687.5,22588.1,133598.7,2895.3,72192.2,2,0,2
44210,SA,Mid Murray,42564,5124,1,9205,7444,9262.5,9463.9,9721.6,9955.6,10110.6,6.6,3,4,10.3,25.7,4385.6,28473.8,428.1,10733,1,0,1
44340,SA,Mitcham,62226,47407,5,67525,27097,50316.4,50828.3,51503.9,52582.6,53537.8,67.4,124.5,260.2,576.6,973.9,16789.7,115562.6,2571.7,66896.5,1,0,1
44550,SA,Mount Barker,57544,27215,3,39234,16087,30056.1,31490.1,32808.4,34331.6,35792.3,12,29.2,79.4,225.5,399.4,12683.5,96068.3,1721.8,43750.8,0,0,0
44620,SA,Mount Gambier,53022,17319,2,26921,12764,23162.3,23560.3,23914.9,24143.7,24349.4,0,5,11.5,34.1,55.9,4129,28641,408.9,7650.8,3,2,8
44830,SA,Mount Remarkable,46262,1740,1,2861,1886,3249.2,3270.1,3273.4,3351.2,3275,0,0,0,3,6.4,1106.9,6910.3,67.4,1755.7,0,0,0
45040,SA,Murray Bridge,47855,12842,1,21658,10146,18449.8,18782.6,19162.1,19712.4,20544.9,3,4.4,10.4,27.9,49.5,6689.3,46068,724.3,18030.7,2,1,6
45090,SA,Naracoorte and Lucindale,50490,6196,1,8724,4093,8704.2,8685.9,8763.8,8837.5,8878.4,0,0,2.8,6.4,9.3,1841.3,13735.5,171.3,4121.1,1,0,1
45120,SA,Northern Areas,52382,2813,1,4549,2383,4689.3,4725.8,4874.8,4984.5,5006.4,0.2,0,0.2,0.4,4.7,1502.8,9601.3,120.2,3248.2,1,1,1
45290,SA,Norwood Payneham St Peters,61711,26750,5,37509,18062,27504.8,28239,28707.1,29553.9,30131.6,31.6,81.2,179,365.7,541.9,8029.2,60257.5,1286.3,34834.5,3,0,3
45340,SA,Onkaparinga,55165,110132,2,175195,75619,130413.3,132803.3,134702.8,137806.9,140780.2,52.2,103.4,240.1,620.3,1082.4,50249.8,295097.4,5606.7,139197.1,3,2,3
45400,SA,Orroroo/Carrieton,39801,545,1,864,548,1001.4,1004.2,1010.8,1001,1008.3,0,0,0,0,4.4,323.7,2049.4,16.2,451.2,0,0,0
45540,SA,Peterborough,39466,706,1,1640,1052,1527.2,1539.3,1527.5,1508.1,1543.1,0,0,0,0,0,535.5,2835.5,41,866.4,2,0,2
45680,SA,Playford,53134,56980,2,99222,39554,62891.5,65379.2,67485.7,70980.1,75641.4,7.8,28.8,59.1,170.8,326,26595.3,185485.7,3291.6,87021.6,1,0,1
45890,SA,Port Adelaide Enfield,56020,87225,3,132260,56655,95156.4,97883.3,100860.5,104315.8,107647,29.6,69.9,192.3,516,920,31474.5,212114.2,4012.6,110325.7,4,0,6
46090,SA,Port Augusta,53918,8037,2,13843,6928,10425.7,10703.6,10855.6,11044.5,11250.5,0,0,3,10,25,3561,22540,214,5651.9,3,2,6
46300,SA,Port Lincoln,50616,9458,1,14410,6984,12385,12540.5,12659.1,12872.3,12951.1,0,4,9,12,20.9,3180.3,21148.8,223,5483.7,0,0,0
46450,SA,Port Pirie City and Dists,52709,9322,1,17307,8555,14052.7,14260.9,14397.1,14713.2,14888.4,2.7,0,2.7,9.5,26.2,4734.2,28221.6,346.5,8443.7,1,1,1
46510,SA,Prospect,64247,16110,5,22274,9446,15364.9,15659.7,15926.7,16351.2,16705.1,12.3,37.2,69.3,149.4,258.2,4571.7,32142.5,713.4,19618.9,0,0,0
46670,SA,Renmark Paringa,43912,6846,1,9793,4655,8825.9,9001.1,9040.7,9160.5,9319.3,3,3,3,9.6,13.7,2947.9,23951,340.7,9061.9,0,0,0
46860,SA,Robe,48236,1164,1,1543,1667,1686.1,1724.7,1822.7,1849.4,1855,0,0,3,3,4.2,580.1,4117.9,51.1,1223.5,0,0,0
46970,SA,Roxby Downs,106845,2601,5,3976,1793,3845,3765,3879,3997,3920,0,0,3,3,0,409,3706,14,381.9,0,0,0
47140,SA,Salisbury,52808,88322,1,145830,57112,101247.5,103278,104790.4,108471.8,110802.5,22,57.9,124.3,334.1,588.6,35835.7,217308,3751.8,101917.6,2,0,2
47290,SA,Southern Mallee,52000,1507,1,1963,1072,2250.8,2301,2319.3,2340.2,2359.4,0,3,3,2.9,2.9,530,3784.2,43.7,1061.5,1,0,1
47490,SA,Streaky Bay,52986,1505,2,2152,1407,2341,2390.9,2481,2572,2608.3,0,0,2.5,2.5,0,753.4,4943,46.6,1147.6,1,1,2
47630,SA,Tatiara,50059,5068,1,6902,3176,6730.4,6899.7,6858.9,6978.5,7084.3,0,0,0.1,3.1,6.2,1719,12356.6,128,3687.1,5,4,19
47700,SA,Tea Tree Gully,58410,66688,4,101164,41013,73535.6,74700,75579.7,77108.2,78719.3,24,50.9,123.8,300.6,583.3,26103.4,148890.3,3056.4,79797.9,0,0,0
47800,SA,The Coorong,45732,3450,1,5468,3104,5705,5804,5923.6,6041.1,6175.2,3,1.6,4.6,6.3,12.8,1804.3,12607.5,174.2,4835.8,6,6,12
47910,SA,Tumby Bay,50370,1723,1,2811,1666,2629.6,2692.1,2788.6,2823.7,2869.9,0,0,0,0.4,0.5,908.1,5100.3,76.2,1686.2,0,0,0
47980,SA,Unley,66437,27840,5,38588,17265,29842.4,30452.3,31056.2,31617.9,31611,39.5,94.9,184.8,440.9,712.3,8352.4,63336.6,1463.1,37918.2,1,0,2
48050,SA,Victor Harbor,40193,9100,1,16113,9724,13284.6,13598.1,13929.3,14192.1,14618.4,8.6,14.3,24.7,50.4,97,6647.1,37062.4,635.9,15222.4,1,0,1
48130,SA,Wakefield,50784,4165,1,6785,3340,6516.8,6531.9,6653.7,6747,6927.9,0,0,2.8,3.1,15.3,2106.6,15292.1,171.1,4455.2,3,3,3
48260,SA,Walkerville,67816,5816,5,7998,3625,5653.7,5760.9,5946.9,6078.5,6158.9,10.6,21.1,53.6,119.4,173,1864.4,14469.2,318.9,9472.9,0,0,0
48340,SA,Wattle Range,48732,7376,1,11888,6080,11723.4,11902.3,12096.8,12234.4,12409.5,0,3,7.8,11.6,16.6,2863.7,19829.6,249.4,5852.3,0,0,0
48410,SA,West Torrens,58866,43716,4,61602,27902,51439.9,53798.1,56709.3,58929.6,58756.1,35.1,73.2,166.7,530.7,804.6,12494.2,89074.8,1785.3,47295.8,0,0,0
48540,SA,Whyalla,61788,11916,5,21254,11241,16240,16349,16642,16965,17060,0,3,4,15,30,5419,31990.9,287,6515.8,2,0,2
48640,SA,Wudinna,58497,818,4,1133,617,1370.3,1371.9,1428.9,1455.4,1453,0,0,0,0,0,319.9,2210.6,14.6,370.3,1,1,2
48750,SA,Yankalilla,40528,3584,1,5844,4395,5411.9,5510.8,5702.9,5857.6,5939.7,6.2,0.3,5.4,14,26.9,2881.9,18124,300,7304.1,3,0,3
48830,SA,Yorke Peninsula,46069,6391,1,11553,10342,12201,12270.1,12507.5,12787.7,12931.8,0,0,3,10.1,16.9,5848.7,33816.9,550.3,11399.3,3,0,3
60210,TAS,Break O'Day,34454,3783,1,6773,4826,6313.3,6488.4,6682,6759.1,6920.5,3,1.8,3,14.7,23.9,1336.9,8061.6,79.4,1588.6,2,2,3
60410,TAS,Brighton,55475,10960,4,19014,7483,15364.9,15866.2,16378.4,16620.3,17000.2,7,11.6,30.7,57.2,85.8,2169,13344.8,170.6,3696.1,1,1,2
60610,TAS,Burnie,54221,12158,3,19955,9230,16109.9,16389.9,16689.5,16988.5,17116.9,8.3,7.8,19.6,36.9,67.4,1759.3,12063.7,118.9,2205.5,1,1,1
60810,TAS,Central Coast,50545,14168,2,22752,10357,19417.2,19833.8,20317.4,20723.4,20951.2,15.2,17.7,32,72.9,100,2851.1,18308.8,187.8,3540.5,0,0,0
61010,TAS,Central Highlands,45662,1453,1,2510,2727,2097.4,2143.1,2205.1,2248.6,2289.4,0.6,0.9,2.1,4.2,7.5,650.4,4133,51.1,1065.7,3,3,3
61210,TAS,Circular Head,50065,5221,1,8104,4057,6956.9,7055.6,7157.3,7341.5,7406.9,0.6,3.8,1.6,7.2,10.5,851.7,6286.4,43.1,947.1,1,1,1
61410,TAS,Clarence,58484,40283,5,61580,25956,47332.7,49452.7,51129.6,52153.6,53571.8,47.7,102.2,204,434.2,624.5,7740.3,50047.8,725.1,14170.1,3,1,6
61510,TAS,Derwent Valley,52085,6463,2,10981,4777,9385.4,9546.2,9790.7,10010.1,10168.8,2.7,3.6,8.4,15.8,31.1,1077.7,6811.3,86.1,1741.4,4,1,4
61610,TAS,Devonport,49051,16549,1,26097,12073,21854.7,22377.4,22813.4,23197.8,23588.7,7.3,21,32,61.2,96.8,2728.6,18211.9,162.7,3312.7,3,3,6
61810,TAS,Dorset,45353,4211,1,6826,3902,6788,6848.8,7062.3,7164.7,7214,0,0,3,6,13,948.9,5926.6,34.6,931.7,2,0,2
62010,TAS,Flinders,44242,625,1,921,692,1163,1179,1216,1248,1268,0,0,0,0,0,278,1528.1,8,158.3,0,0,0
62210,TAS,George Town,41750,4352,1,7036,3728,6031.2,6070.5,6344.8,6414.9,6538.8,4.7,2.9,12.7,19.2,28.6,1152.5,7197.9,73.8,1417,1,0,1
62410,TAS,Glamorgan/Spring Bay,41618,3155,1,4994,4721,4853.7,5013.9,5137.1,5199.5,5282.6,3.9,7.1,10.8,21,25.8,1242.2,7461,97.7,2083.5,6,3,8
62610,TAS,Glenorchy,55220,31959,3,50314,21775,38825.1,39747.1,40243.8,40391.7,41064.9,20.4,53.8,93.9,240.7,324.9,4265,25463.1,294.7,5480.9,4,2,8
62810,TAS,Hobart,58267,40306,5,54980,24815,45324.4,46610.9,47462.6,49660,47565.8,113.2,240.1,440.4,879,1183.5,5213.7,33799,572.9,10958.4,9,3,12
63010,TAS,Huon Valley,45145,11515,1,18296,8709,15873.3,16296.5,16640.7,17078.1,17465.9,16.6,35.3,68.5,131.6,179.5,3042.9,18954.6,306.3,6228.9,4,2,4
63210,TAS,Kentish,46904,4105,1,6616,2930,6028.5,6171.5,6254.3,6432.5,6462.8,0.3,3.9,11.3,16.6,27,936.6,6010.4,75.2,1606.2,4,1,5
63410,TAS,King Island,50353,1114,1,1621,879,1569,1625,1702,1699,1676,0,0,0,3,0,334,2590.9,3,116,0,0,0
63610,TAS,Kingborough,56038,26786,4,40103,17346,30942.1,31894.6,32388.4,32992.1,33586.1,59,117.4,212.6,431.5,622.7,5876.8,35456.7,620.8,11800.9,5,3,6
63810,TAS,Latrobe,52067,7729,2,12383,5807,10366.8,10703.8,11083.3,11322.2,11637.5,5.2,9.4,17.7,34.3,53.1,1645.4,10925.2,100.4,1965.2,1,0,2
64010,TAS,Launceston,54481,43825,3,70088,31517,56186.4,58058.2,58468.1,58976.8,59551.7,24.1,43.9,114.5,275.9,387.4,7385,51556.5,448.8,9388.8,9,4,12
64210,TAS,Meander Valley,50210,13804,1,20661,9275,18225.7,18845.6,19171.7,19498.4,19821,19.1,13,40,83,105.7,2677.4,18166.4,202.2,4257.5,4,2,4
64610,TAS,Northern Midlands,50752,9126,2,13723,6429,13366.5,13838.1,14615.7,15310.7,15527.6,0,3.9,18.4,41.9,50.9,1837,13087.9,88.7,1943.4,2,2,3
64810,TAS,Sorell,55437,10809,4,16736,8164,14068.2,14574.5,15132,15402.7,15872.4,8,19,37,76.8,119.8,2521,15416.6,209.5,4095.3,3,1,3
65010,TAS,Southern Midlands,52419,4067,2,6665,2994,5904.2,6048,6203.8,6343.3,6510.7,0.8,1.4,6.7,10.3,17.4,767.5,4964.2,55.3,1223.2,2,1,3
65210,TAS,Tasman,37922,1502,1,2612,2622,2603.2,2681.4,2683.4,2778.7,2802.1,3,6,9,18,23,568.6,3422.8,80.2,1910.6,2,1,3
65410,TAS,Waratah/Wynyard,51899,8223,2,14218,6878,12042,12358.7,12494.5,12831.6,13091.6,7,7.2,12.4,22.4,39.3,1770.2,11497.8,157.1,2947.2,1,1,2
65610,TAS,West Coast,51851,2340,2,4253,3137,3613.3,3718,3767.3,3811.5,3760.7,0.2,0.2,3.4,3.6,0.9,414.4,2667.6,22.1,320.2,4,3,4
65810,TAS,West Tamar,53272,16253,2,25162,11338,21739,22319.6,22821.9,23132.7,23398.8,6,19.3,49.3,119.9,172.2,3838.9,23653.5,261.7,5388.6,2,2,5
20110,VIC,Alpine,46676,9049,1,13212,7235,12371.5,12930.4,12984.9,13002.5,13144.8,12.2,20.5,37.7,77.2,102.3,3399.9,23449.8,376.4,9061.5,3,3,10
20260,VIC,Ararat,49674,6944,1,11862,5503,10374,10524.2,10630.2,10632.4,10794.8,3.3,4.9,6.8,17.7,26.8,2031.7,12840.4,140.4,3608.8,5,2,9
20570,VIC,Ballarat,55825,73033,2,113793,50247,90372.9,93218.3,95375.8,97191.3,100034.9,45,98.1,191.5,422.3,677.8,15665,109108.7,1566.8,39322.8,10,5,49
20660,VIC,Banyule,66777,85895,5,126227,53078,86861.5,86055.5,87001.5,88403.5,90557.9,110.6,216.5,422,929.7,1550.9,12989.4,80155,1721.5,46517.1,2,1,9
20740,VIC,Bass Coast,45175,25122,1,40753,28989,34869.6,37540.3,37968.9,38279.5,39367.5,27.2,62.7,119.2,237.5,353.2,10894.8,69831.5,1095.1,25015,9,5,15
20830,VIC,Baw Baw,53715,37730,2,57616,24529,48150.8,50203.4,51422.8,52368.8,53858.3,16.3,43.5,85.3,194.2,310.6,11129.5,72981.7,1148.4,29335.9,3,1,3
20910,VIC,Bayside,70892,74105,5,101390,42947,71287.3,70902.2,71611.8,72832.3,74523.2,172.9,343.8,668.5,1315.9,1988.7,9152.7,62815.5,1381.6,35831.9,9,4,17
21010,VIC,Benalla,47127,8986,1,14569,7183,13578.2,13897.1,14119.9,14235,14457.6,6.8,11.3,21,30.7,52,3529.5,23391.4,390.8,9339.6,1,1,2
21110,VIC,Boroondara,67776,126269,5,167901,72806,111283.5,109813.5,111264.1,113356.8,115433.2,373.3,621.2,1241.2,2496.7,3666.6,12804.4,89133.3,2357.6,73324.9,12,10,28
21180,VIC,Brimbank,52440,119459,1,194563,71722,135138.6,134909.6,135937.7,139312.8,142736.6,55.8,116.4,280.5,660.2,1126.8,22156.4,147248.5,2238.9,69643.7,10,9,21
21270,VIC,Buloke,48690,4032,1,6206,3384,6675.3,6726.7,6843.2,6967.6,6997.1,0,0,0,3,5.9,1371.8,9936.5,76.6,2170.7,4,3,9
21370,VIC,Campaspe,49610,24786,1,38687,17968,37636.5,38706.5,39111.9,39269.6,39876,3.1,16,26,56.1,77.9,9286.9,67890.4,591.9,14551.1,2,0,2
21450,VIC,Cardinia,58561,79627,4,118245,43507,85440.8,88064.8,91542.8,94986.2,99102.1,44,83.4,211,512.2,882.8,20049.3,137070.6,2373.7,70753.2,1,1,6
21610,VIC,Casey,57008,240351,3,365213,122653,244364.1,250589.1,258959.2,270899.7,285690,136.2,332.4,828.7,1975.3,3385.7,65820.4,410234.3,8394.6,265881.6,14,10,34
21670,VIC,Central Goldfields,43204,7077,1,13447,6996,12475.1,12751.2,12896,12899.2,13132.8,2.9,3,11.2,19.9,26.8,3080.9,18677.6,218.7,5385,1,1,2
21750,VIC,Colac-Otway,49973,15204,1,22405,12432,20194.5,20735.1,20846.5,20939,21346.7,3.1,13.7,40.5,60.3,89.5,3678.7,24720.6,306.6,8750,5,4,18
21830,VIC,Corangamite,49030,10817,1,16131,7881,16193.2,16512.8,16777.4,16896.6,17021.2,6,1.1,11.9,22.8,33.2,2596.9,23955.9,179.9,6001.3,3,2,6
21890,VIC,Darebin,64943,102295,4,148510,68226,94359.7,94033.8,95373.8,97393.3,100413.9,77,163.2,359.3,873.8,1449.9,14338.7,83898.7,1349.3,35277.1,9,5,16
22110,VIC,East Gippsland,44529,29556,1,48586,26038,45405,46777.7,47290.7,47605.9,48257.3,10,25,47,104,191.2,11406.5,70031.9,917.6,18324.8,17,13,29
22170,VIC,Frankston,59992,89804,4,139235,58932,102743.4,103134.2,104267.6,105441.7,108247,39.4,96.4,240.2,533.8,902.7,18642.1,114634.9,1717.8,46161.1,5,4,15
22250,VIC,Gannawarra,46130,6464,1,10692,5363,11031.6,11339.9,11408.7,11510.2,11660.8,3,3,3,4,4,2574.7,21193.3,138.7,4229.5,3,2,5
22310,VIC,Glen Eira,67049,108401,5,149045,66337,92704.5,92965.2,93207.6,95515.7,97958.4,159.4,317.6,682.4,1458.6,2324.3,10663.1,69027.4,1686.4,48095.9,5,1,18
22410,VIC,Glenelg,49620,12385,1,20108,10150,18968.7,19277.1,19413.9,19381.1,19649.4,1.6,3,10.9,14,22.2,3174.3,19420.6,149.6,3546,3,2,3
22490,VIC,Golden Plains,57347,16408,3,25010,9414,21572.3,22479.7,23183.1,23887.7,24592.8,7.8,20.6,26.4,69.3,129.8,4995.4,33567.3,513.5,14988,2,2,3
22620,VIC,Greater Bendigo,55007,77579,2,121308,53163,99283.9,102132.2,103802.4,104930.4,107738.3,47.8,87,170.6,365.1,584.8,22901.6,145568.4,1948.5,48536.5,6,6,19
22670,VIC,Greater Dandenong,50109,98265,1,158366,58181,121167.9,119950.6,122299.5,126513.7,129993,94,137.2,380.8,950.7,1444.1,17885.8,142845.7,2211.3,72678.4,16,11,40
22750,VIC,Greater Geelong,57523,179083,3,271072,120878,203095.2,210866.8,216465,221796.9,229013.4,123.8,293.4,643.5,1427.2,2343.5,41624.7,254296.8,3803.8,95639.9,16,10,43
22830,VIC,Greater Shepparton,50980,43215,1,68330,28899,58493.3,59547.5,60662.2,61546.2,63129.5,12.2,33.3,78,164,213.2,14008.3,99159.6,967.1,26743.4,5,5,14
22910,VIC,Hepburn,47012,10097,1,16638,9522,16114.7,16602.6,16599.4,16548.9,16805.4,18,36.7,66.4,108.1,178.3,4171.6,26971.9,396.3,9287.6,6,3,60
22980,VIC,Hindmarsh,53710,3397,2,5702,3104,5831.5,5879.4,5924.5,5898.1,5925.8,0,0,6,3,3,1207.1,6875.9,49.6,1231.4,4,1,7
23110,VIC,Hobsons Bay,68228,61078,5,91265,39308,63383.1,62895.8,65604.9,67821.1,69777.5,56,107.9,294.7,671.8,1115.8,10462.5,65590.8,1020.3,27572.6,6,4,15
23190,VIC,Horsham,54071,13461,2,20425,9665,18296.5,18675.5,18860.4,18864.4,19262,7,10,15.4,25.1,38.1,3392.4,23903.3,143.5,3693.1,2,2,16
23270,VIC,Hume,54419,147805,2,243781,83874,175457.4,182250.7,192454.6,201069.2,211639.1,61.2,190.6,460.8,1002.3,1873.5,39026.2,289672.9,4275,138562.8,15,10,52
23350,VIC,Indigo,52559,11962,1,17384,7728,16448.3,17041.3,17382.4,17648,17952.6,4.2,20.5,55.9,107.3,147.8,5316.7,35167,584.2,13977.7,5,4,14
23430,VIC,Kingston,63323,108544,4,158053,67573,118124.9,117902.5,119814.1,121510.7,123997.5,91.2,198.5,462.4,1022.1,1715.5,17529,122425.3,2146.3,61227.3,7,4,17
23670,VIC,Knox,59280,107803,4,159066,62114,123581.1,123554.5,124185.6,125982.4,128032.3,98.7,197.8,436.2,1068.4,1770.9,23203.7,147711.3,3486.6,105172,13,10,18
23810,VIC,Latrobe,54045,45525,2,77420,35645,66782,68088.6,69211,69958.1,71583,16.6,39.1,103.8,209.6,309.2,13145.6,84250.6,1156.6,27407.3,9,6,16
23940,VIC,Loddon,43528,4515,1,7818,4284,8115.8,8340.2,8453.8,8573.2,8707.3,0.2,0.8,5.1,12.4,14.9,2092.3,14081.9,144.3,3826,3,2,5
24130,VIC,Macedon Ranges,61341,34430,4,51402,20560,44355.8,45733.8,46315.3,47037.9,48374.1,33.8,73.4,159.8,321.5,543,10268.6,71301.8,1158.7,31849.5,6,6,9
24210,VIC,Manningham,54916,86934,2,124729,49957,89570.5,89559.8,90838.4,92237.8,93847.8,135.2,276.6,643.3,1353.6,2274.5,13281.3,87561.9,2405.9,80426.2,2,1,5
24250,VIC,Mansfield,45899,6601,1,10204,6633,10153.9,11165.8,11365.5,11218.3,11363.2,5.6,19.7,23.7,37.2,51.4,2710,20991.6,248,6757.9,3,2,9
24330,VIC,Maribyrnong,64333,64489,4,85281,40470,54072.6,54106,55464.6,56952.3,57937.5,53.2,107.7,257.2,592,965.3,6516.6,43972.4,733.2,20516.8,3,3,6
24410,VIC,Maroondah,61697,76921,4,115007,46933,84914.6,85066.4,85790.4,87098.6,88499.4,76.7,138.2,288,696.1,1197.2,13421.2,88030.6,1870.2,52949.6,5,5,10
24600,VIC,Melbourne,48184,143046,1,149551,103241,74873.9,78276,78889.3,78681.6,78253.6,214.2,391.6,721.5,1671,2472.1,1969.1,22262,176.9,4285,32,4,48
24650,VIC,Melton,58861,120780,4,179072,60332,113209,118357,126420.2,135849.7,147219.4,37.5,121.3,360.5,810.1,1384.6,31465.7,202310.2,3629.7,118688.7,5,3,17
24700,VIC,Merri-bek,65464,121516,4,171181,78240,108534.9,108949.9,110530.5,112912.5,116031,109.3,221.5,441.5,878.1,1456.6,13784,82809.5,1345.1,34733.3,13,5,24
24780,VIC,Mildura,48379,37763,1,56944,25361,50045.5,50767.9,51249.5,51790.4,52821.3,9,15,32,73,110,10322.9,86089.8,536,13557.8,6,6,9
24850,VIC,Mitchell,58083,32469,3,49471,19561,41074.9,42620.1,43968.9,45865.6,48875.8,14.2,27.6,68.7,146.7,233,10063.2,65749.1,993.1,28816.8,7,7,21
24900,VIC,Moira,47647,19153,1,30522,14896,29009.9,29974.4,30476.9,30855.8,31661.7,2.4,5.4,22.6,37.6,58.9,8381.8,61577.9,558.9,13312.9,2,2,3
24970,VIC,Monash,54369,134807,2,190330,76282,136908.9,138323.5,141710,146505.3,150060.9,231.3,584.1,1035.6,2456.2,4023.9,20544.9,135957.4,3868.4,127216.8,17,6,55
25060,VIC,Moonee Valley,68365,86203,5,121734,55245,83299.3,84416.7,86139,88570.3,90948.6,89.4,204.4,419.9,952.9,1516.7,9361.3,61028.3,1061.2,30577.6,5,5,60
25150,VIC,Moorabool,60648,24392,4,37612,15438,31746.2,33102.3,33364.2,33795.8,34893.6,22,33,60.4,132.3,230.3,6769.2,43703.9,716.6,19414.1,0,0,0
25340,VIC,Mornington Peninsula,53252,108391,1,168957,93482,138573.8,140939.3,140762.3,141724.7,144867.5,154,358.8,689.7,1289.3,1984.5,29335,197166.8,3130,78198.6,14,8,76
25430,VIC,Mount Alexander,46680,12562,1,20280,10206,17922.7,18553.4,18817,18850.4,19175.8,11.4,35.5,73,137.5,212.5,5538.1,29422.5,491.4,10272.9,3,2,6
25490,VIC,Moyne,50974,11977,1,17323,8616,16364.5,16742.1,17004.7,17191.3,17443.7,1.5,4.8,9.5,42.5,68.2,2797.3,22140.2,229.9,5511.3,2,0,3
25620,VIC,Murrindindi,48029,9636,1,15189,8307,15247.2,15907.8,16158.1,16177.3,16483.8,4.9,16.1,32.2,43.7,67.9,3791.2,25286.3,367.1,10284.5,6,2,10
25710,VIC,Nillumbik,65505,44392,5,62876,22398,49649.1,49657,49923.4,50275.6,50957.6,67.3,126.8,233.8,475.1,768.6,8495.2,57454.1,1224.1,35221.5,3,2,6
25810,VIC,Northern Grampians,47563,7583,1,11956,6212,11538.4,11781.2,11887.8,12022.8,12164.3,0,5.2,5.9,9.5,17.7,2255.2,15363.2,129.6,3429.7,4,3,17
25900,VIC,Port Phillip,71154,84974,5,102008,63331,74292.9,74525.2,75320.2,78268.6,82492.5,203,364.9,659.6,1491.5,2420.2,3559.4,26358.5,367.5,8417.4,5,3,8
25990,VIC,Pyrenees,44424,4375,1,7690,3907,7855.4,8079.7,8178.6,8329.6,8488.2,0.9,1.8,10.2,21.1,22.3,1841.2,11729.6,159.4,4351.3,3,3,6
26080,VIC,Queenscliffe,49539,2251,1,3291,2870,2817,3128,3171.6,3155.8,3248,5.5,9.7,23.6,40,63,1049.2,6507,126,2804.2,1,1,4
26170,VIC,South Gippsland,46262,19377,1,30549,17142,28902.9,29836,30093.4,30101.2,30585.6,16.9,34.6,51.3,89.6,139.5,7382.7,48336.7,639.8,15890,9,9,11
26260,VIC,Southern Grampians,47834,10687,1,16608,8335,15982.2,16132.2,16371.8,16463.8,16546,0,5,16.9,26.7,40.8,2229.2,14697.4,106.5,2319.5,2,2,4
26350,VIC,Stonnington,75568,84745,5,104637,59514,64871.2,64414.3,65072.9,66055,66544.4,264.6,435.5,763.9,1364.8,1861.9,5043.1,36062.5,718.9,20144.7,12,10,43
26430,VIC,Strathbogie,47641,7165,1,11475,6153,11421.8,11760.4,11905.8,11978.9,12345.6,5,12.9,26.1,48.3,70.3,3268.7,21743.8,295.3,7354.1,4,4,16
26490,VIC,Surf Coast,57562,26264,3,37675,20616,33309.4,35457.8,35494.2,35622.2,36375.8,26.5,80.5,171.3,345.5,573.4,7848.2,50890.4,829.6,20913.8,6,4,19
26610,VIC,Swan Hill,45794,15660,1,21437,9543,21290.4,21548.1,21537.5,21895.4,22255.8,3,0,6,14,16,3994.5,39101.4,206.9,6806.3,2,2,3
26670,VIC,Towong,47809,4010,1,6216,3095,6507.7,6675,6663.8,6805.2,6864.2,0.6,0.8,2.1,4.3,9.9,2012.9,13860.9,169.5,4155.2,1,1,1
26700,VIC,Wangaratta,51278,19638,1,29801,13612,26397.2,27122,27635.8,28200.2,28771.7,8,14.8,25.6,71.2,93,7153.4,48994.9,717.8,16605,5,5,15
26730,VIC,Warrnambool,54799,24323,2,35403,16001,29388.1,30115.3,30468.5,30826.9,31558.3,9,22.9,66.9,122.8,171.8,3959.7,27215,343.5,8187.6,2,2,10
26810,VIC,Wellington,49813,28214,1,45580,23426,40830.1,41946,42555.8,43070.1,43751.1,10.1,17.3,19.8,88.7,140.9,9296.6,62804.2,797.4,19898.7,9,5,12
26890,VIC,West Wimmera,45717,2580,1,3981,2276,4302.1,4335.1,4348.1,4340.3,4285.1,0,0,1.1,3.2,3.2,809.3,5107.3,26.9,548.2,3,3,12
26980,VIC,Whitehorse,55000,119608,2,169391,71670,113993,114391,116812.3,119008,121680.9,145.8,354.8,822.3,1665.7,2659.7,17630.8,109951.9,2990.8,92773.1,5,4,23
27070,VIC,Whittlesea,57797,147256,3,229455,83028,155419.6,157866.3,162512.5,168480.4,175533.3,58,146,385.6,881.1,1509.2,32259.8,213021.5,3788.9,120274.4,6,4,11
27170,VIC,Wodonga,57650,28411,3,43197,18179,38849.3,39812,40801.1,41136.9,42074.3,14.8,34.1,61.1,113.9,164.9,8847.4,61148,860.7,20071.8,3,3,15
27260,VIC,Wyndham,58205,200178,3,291917,100239,180220,186686.4,197180.9,207754.5,219897.8,118.3,331.8,915.4,2117.2,3519.3,56140.1,371378.1,8155.5,278530.8,10,8,31
27350,VIC,Yarra,77630,71498,5,90235,50022,54199,54747.9,55396.8,56646,56542.8,186.3,296.8,512.2,984.2,1495.8,4542.8,29862.5,441.1,10080.4,13,7,32
27450,VIC,Yarra Ranges,58444,104399,3,156136,61560,124730.3,124991,125895.6,127241.7,129851.2,83.7,155.5,312.7,649.4,1114.9,22038.6,145751.5,2526.9,69603.1,7,5,14
27630,VIC,Yarriambiack,51964,3957,1,6542,3618,7085,7153,7232.8,7328.6,7430.3,0,3,3,10.3,7.3,1430,8570.5,61.7,1423.4,2,2,3
50080,WA,Albany,50791,26276,1,38721,17952,33380.8,34051.5,34837,35683.6,36541.3,11,16,32,79,123.1,5307.2,29437,351.2,5816.1,2,0,10
50210,WA,Armadale,62650,63770,2,94198,36267,66332,68198.7,70812.4,74408.9,78444.9,35,70,181,472.9,854.8,25155.4,141897.9,2939.4,68038.5,0,0,0
50250,WA,Ashburton,112881,3936,5,7406,3745,4059,4054,4032,4155,4201,0,0,0,0,0,367,4268.1,6,398.5,1,1,3
50280,WA,Augusta-Margaret River,45304,13805,1,16736,8947,14738,15500,16129,16881,17844,8,22,47,78,136,3776,26268.1,406,8243.2,4,2,6
50350,WA,Bassendean,67064,10890,5,15921,7239,13606.4,13922,14365.8,14880.9,15135,9.9,20.5,49.3,83.5,151,3400.6,18899.9,307.6,6065.2,0,0,0
50420,WA,Bayswater,63066,51064,3,69235,32120,52497.5,53125.5,54908.8,57538.4,59262.5,37.1,91.7,197.8,461.4,790.3,12087.6,69389,1294.8,27161.5,1,0,1
50490,WA,Belmont,63304,32497,3,42279,20285,45843.9,48616.1,52956.7,56341.6,57364.3,46,80,169,425.9,593.9,6552,42585.9,719,15904,0,0,0
50560,WA,Beverley,50681,1046,1,1683,967,1899.4,1949.3,2031.4,2081.1,2087.6,0,3,0,3,3.1,576,2809.6,30.7,779.2,0,0,0
50630,WA,Boddington,72010,1142,5,1702,836,1652.6,1686.8,1700.6,1786.1,1840.5,4,4,4,6,7.9,444.5,2729.7,28.5,643.3,1,0,1
50770,WA,Boyup Brook,48555,1224,1,1817,923,1951.2,2029.9,2092.2,2170.7,2228,0,0,0,0.2,3.4,348.8,2042.1,18.2,469.2,0,0,0
50840,WA,Bridgetown-Greenbushes,49873,3391,1,5253,2674,4676.7,4852.5,5097.6,5301.9,5607.2,0,0,3,9.8,17.6,1219,7114.8,69,1319.9,0,0,0
50910,WA,Brookton,53839,647,1,944,488,1015.4,1026.8,1033.5,1025.8,1102,0,0,0,0,0,219.4,1440,4.8,145.3,1,1,3
50980,WA,Broome,64683,11920,4,16928,9431,11747.4,11979.3,12058.3,12310.2,12607.1,3,3,6,7,14,1349.9,16328.6,73.9,1763,5,3,11
51080,WA,Broomehill-Tambellup,50355,689,1,1051,569,1177,1221,1238,1245,1317,0,0,0,0,3,176,1191.4,3,38.6,0,0,0
51120,WA,Bruce Rock,63412,625,3,995,415,994,994,1025,1089,1100,0,0,0,3,3,260,1486.3,3,106.3,1,0,1
51190,WA,Bunbury,55639,21712,1,32948,15941,26737.5,27497.2,27918.9,28851.3,29838.2,6.6,14.6,32.7,77.4,140.3,7363.1,41145.2,498.6,9339.8,0,0,0
51260,WA,Busselton,51507,29802,1,40486,21336,34140.2,35531.5,36410.6,37855.9,39402.6,10,28,65,126,198,11256.2,68749.9,909.5,17871.8,1,1,6
51310,WA,Cambridge,79343,21825,5,28931,11495,21270.8,21593.3,22472,22947.2,23277.6,55.3,134.6,236.6,447.4,680.7,4418.2,29677.4,585,12888,1,0,1
51330,WA,Canning,55371,71719,1,95832,37225,78868.8,81532.5,84300.9,87947.6,90495,71.9,152.1,312.2,753.4,1230,21907,128364.7,2675.7,64794.4,8,0,14
51400,WA,Capel,62486,12907,2,18213,7118,15446.7,15994.4,16339.6,16933.7,17423.3,2.4,8.4,18.8,47.9,74.8,3900.5,21657.4,252,4848.8,0,0,0
51470,WA,Carnamah,46400,405,1,540,376,697.6,693.6,686.6,705,712.2,0,0,0,0,0,142.8,1001.1,2,28.8,0,0,0
51540,WA,Carnarvon,50596,3522,1,5243,3771,4078.6,4156.5,4135.5,4166.4,4219.4,0,0,0,3,0,502.5,6121.5,11.8,414.2,1,1,2
51610,WA,Chapman Valley,66835,1108,5,1559,682,1339.1,1392.9,1442.5,1487.7,1705.9,0,0,0.1,1.7,3.4,360.1,2402,21.6,402.7,0,0,0
51680,WA,Chittering,62516,4311,2,5958,2404,5811.2,6044.5,6265.9,6555.3,6934.2,0,5.3,8.6,23.7,44,2090.4,14078.6,238.4,5542.8,0,0,0
51750,WA,Claremont,70495,8532,5,11300,5245,7835.5,7996.1,8126.1,8311.3,8603.7,18.6,53.3,99.5,188.1,273.8,1940.9,11854.8,224,4780.3,0,0,0
51820,WA,Cockburn,66806,86399,5,118159,48569,92371.4,95279,97423.3,99387.8,103979.2,52.4,137.6,288.5,783.6,1426.9,29483.5,170187.5,3236,70367.9,3,0,5
51890,WA,Collie,55241,5287,1,8816,4100,8063.4,8295,8430.6,8659.3,8854.4,0,0,2.9,6.7,14.4,2118.5,10834.2,88.8,1658.8,1,0,1
51960,WA,Coolgardie,74571,1974,5,3460,1815,2719.8,2794,2824,2880.7,3008.3,3,0,0,0,3,400.1,2811.4,8.1,138.3,1,1,3
52030,WA,Coorow,54010,726,1,1051,948,1255.5,1279.5,1312.8,1344.8,1379,0,0,0,0,3,350.5,2222.3,26,463.9,0,0,0
52100,WA,Corrigin,65017,793,4,1004,503,1225.6,1243.2,1293.5,1287.2,1246,0,0,0,3,0,276.6,1633.1,5.2,184.5,0,0,0
52170,WA,Cottesloe,83861,6473,5,7964,3600,6603.4,6675.3,6744.2,6829.8,6917.6,31,61.5,98.9,164.4,225.8,1208.4,8366.7,160,3644.2,0,0,0
52240,WA,Cranbrook,44969,763,1,1101,617,1274,1323,1333,1391,1378,0,0,0,3,0,158,1131.1,4,65.5,0,0,0
52310,WA,Cuballing,49561,572,1,902,496,1035,1037,1063,1081,1137,0,0,0,0,3,226,1262,14,387.7,0,0,0
52380,WA,Cue,38717,131,1,213,200,246,274,195,196,194,0,0,0,0,0,47.1,523.8,0,0,1,1,2
52450,WA,Cunderdin,63435,838,3,1304,679,1283,1299,1366,1388,1447,0,0,0,3,3,264,1939.7,6,164.4,0,0,0
52520,WA,Dalwallinu,67851,1156,5,1367,622,1561.2,1608.7,1616.1,1634.7,1932.4,0,0,0,3,0,266.9,2167.2,8.2,217.3,1,1,2
52590,WA,Dandaragan,49869,2734,1,3375,2758,3643.6,3774.4,3939.6,4027,4267.2,0,3,0,6,4.1,1294.2,9921.7,103.3,2128,1,1,2
52660,WA,Dardanup,60412,9979,2,14643,6034,12060.2,12493,12872.6,13302.2,13697.9,3,0,8.5,26.8,61.1,4053.1,21310.3,215,4179.2,1,1,6
52730,WA,Denmark,39636,4310,1,6305,3641,5693,5864,5990,6018,6283,3,8,21,43,57,1262,7439.4,97,2047,2,0,3
52800,WA,Derby-West Kimberley,48262,3534,1,7111,3601,3173.9,3122.6,3032.3,3055,3199.7,0,0,0,0,3,344.5,5393.4,5.1,164.1,2,2,6
52870,WA,Donnybrook-Balingup,48480,4393,1,6168,2789,6041.2,6281.5,6457.4,6687.3,6828,0,6,6.1,14.2,31.4,1917.8,11539.2,115.1,2632.5,1,0,3
52940,WA,Dowerin,59403,455,2,698,415,758,764,808,823,824,0,3,0,6,3,141,879.4,8,193.1,0,0,0
53010,WA,Dumbleyung,57745,463,2,692,343,879.5,879.3,897.7,926.2,918.4,0,0,3,0,3,133.3,959.6,2.5,58.4,0,0,0
53080,WA,Dundas,44894,440,1,681,629,562.2,536,580,589.3,597.7,0,0,0,0,0,89.9,890,3.9,169.5,5,5,10
53150,WA,East Fremantle,72792,5819,5,7801,3340,5646,5739,5841,6002,6102,13,22,40,92,152,1335,7788.5,161,3033.7,1,0,1
53220,WA,East Pilbara,78478,3571,5,9765,3621,3521.4,3519.2,3365.7,3388,3543,0,0,0,0,0.1,221.8,3386.9,15.7,387.6,1,1,3
53290,WA,Esperance,57291,9975,2,13873,6878,13048.5,13348.6,13699.4,13969.1,14119.4,0,3,3,12.9,17.8,1338.3,9212,79,2215.7,1,1,4
53360,WA,Exmouth,47420,2854,1,3087,2639,2353.4,2516.5,2605.5,2760.6,2809.6,0,0,0,0,0,400.5,4645.3,15.2,326.1,2,0,3
53430,WA,Fremantle,62750,24629,3,31961,15716,24249.1,25064.4,25446.6,26585.5,27781.3,35.3,87.9,170.4,322.6,535.8,5433.8,30526.4,590.5,10954.4,3,0,7
53570,WA,Gingin,46604,4137,1,5606,4103,5766.4,5997.6,6219.4,6455,6822.8,0,3,12,19,26.9,2066.8,14744.1,150.7,4123.6,1,0,1
53640,WA,Gnowangerup,54366,932,1,1210,652,1358.6,1416.4,1478.4,1546.2,1552,0,0,3,4.4,4.4,224.9,1580.1,3.6,123.3,0,0,0
53710,WA,Goomalling,57596,639,2,971,529,1039.1,1053.2,1084.5,1097,1162.9,0.1,0.1,0.2,3.5,3.8,225.9,1372,9.3,225.1,0,0,0
53780,WA,Gosnells,57000,84619,2,126421,47067,92714.6,95153.2,97560.8,102154.8,105751.3,34,96.6,239.4,578,998.1,30134,159116,3013.6,71734.7,4,0,4
53800,WA,Greater Geraldton,59512,26385,2,39486,17966,32808.9,33449.4,34268.9,35054,36450.4,3,4,10.9,27.9,54.2,8007.7,45711.5,429.2,7935,1,1,4
53920,WA,Halls Creek,23885,1403,1,3573,1658,1112.8,1069.7,1031.7,983.5,1038.9,0,0,0.4,0.5,0.8,74.5,1428.5,3.2,105.6,3,3,9
53990,WA,Harvey,61235,20040,2,28608,11879,23927,24377,25196,26222,27346,6,3,22,76,112,7556,42590,527,10269.1,1,1,2
54060,WA,Irwin,53312,2401,1,3675,2163,3365,3461,3568,3635,3790,0,0,0,0,4,1044,5780.4,69,1409.2,0,0,0
54130,WA,Jerramungup,48397,950,1,1162,923,1487.7,1550.8,1580.2,1656.5,1519.6,0,0,0,6.6,3.6,195.1,1491.9,10.4,301.8,2,1,3
54170,WA,Joondalup,65303,115545,4,159984,62053,121574.9,123332.5,124384.5,126836,129979.8,68.4,193.4,432.3,1009.7,1708.7,39905.9,206374,3659.4,75089.9,3,0,8
54200,WA,Kalamunda,63948,41017,3,58716,23370,48397.7,49052.5,50307.2,51779.5,53094,38.2,63.7,130,289.3,500.7,14560.8,78724.1,1327.3,28415.7,0,0,0
54280,WA,Kalgoorlie/Boulder,80000,20965,5,29341,13148,24547.9,24486.8,24603,24820.3,25439.2,0,5,9,21,36,3588.2,23419,129.1,2745,1,1,3
54310,WA,Karratha,92657,15140,5,22198,10036,15649,15664,16076,16786,17474,3,3,13,26,40,1327,14991.4,33,734.3,4,4,10
54340,WA,Katanning,53877,2660,1,4065,1834,3518.2,3516.2,3550,3567.9,3672.3,0,3,3,0,3,581.1,3321.3,10.9,187.2,1,0,1
54410,WA,Kellerberrin,54860,744,1,1130,616,1172,1171,1189,1219,1232,0,0,0,0,0,228,1303,2,47.2,0,0,0
54480,WA,Kent,54818,351,1,495,262,591,601,657,672,694,0,0,3,0,0,64,529.4,1,46.8,0,0,0
54550,WA,Kojonup,54747,1529,1,1889,1045,2310.2,2309.6,2333.7,2337.1,2363.3,3,3,3,3,3,304.6,2167.8,3.8,82.2,2,2,7
54620,WA,Kondinin,60670,618,2,841,470,1016.6,997.7,1009.1,1021,1019.3,0,0,0,0,3,130.9,1011.1,2,63.8,1,1,1
54690,WA,Koorda,56347,263,1,368,254,459,469,481,498,505,0,0,0,0,3,80,499.9,2,38.4,0,0,0
54760,WA,Kulin,67206,556,5,773,382,985.5,994,982.3,1032.7,1048.4,0,0,0,0,0.3,169.6,1000.2,6,213.1,0,0,0
54830,WA,Kwinana,64337,31236,4,45800,17640,30621,31858,33150,35001,37025,9,44,80,191,332,12386,68754,1363,29241.9,0,0,0
54900,WA,Lake Grace,66444,1063,5,1267,739,1671.3,1681.4,1692.9,1789.9,1814.2,0,0,0,0,2.7,225.7,1561.9,2.9,33.7,1,0,1
54970,WA,Laverton,53666,245,1,1330,393,321,290,300,280,272,0,0,0,3,0,33,488.6,0,0,0,0,0
55040,WA,Leonora,80200,678,5,1592,831,802,766,787,827,785,0,0,0,0,0,263,932.9,0,0,0,0,0
55110,WA,Mandurah,55783,58295,1,90314,44077,68710,70844,73028,75398,78659,26,72,130,287,508,28114,140209.3,2220,43149.8,2,0,3
55180,WA,Manjimup,43920,6740,1,9089,4989,8647.5,8876.6,9046.9,9227.7,9390.8,3,3,6.8,13.8,18,1526.7,11150.8,86.8,2015.9,5,2,14
55250,WA,Meekatharra,48269,464,1,1200,623,626,583,574,572,546,0,0,0,0,0,94,630.2,2,135.4,1,1,2
55320,WA,Melville,64851,75736,4,103570,42933,78707.6,80069.9,80410.1,83102,85583.6,88,232.7,514.3,1195.9,1856.2,21576.9,125979,2735,61775.5,2,0,3
55390,WA,Menzies,65400,74,5,517,224,143.6,138,139.6,155.6,142.8,0,0,0,0,0,18,233.2,1.3,36.9,0,0,0
55460,WA,Merredin,59002,2114,2,3136,1642,2905.8,2852.4,2849.3,2867.7,2923,3,3,0,10,11,638,3852.9,8.8,147.6,2,0,4
55530,WA,Mingenew,73239,320,5,408,265,651,667,710,703,688,0,0,0,0,0,126,982.7,1,13,0,0,0
55600,WA,Moora,55636,1671,1,2284,1157,2440.7,2475.9,2558.9,2577.6,2571.1,0,0,2.9,0,3.9,445.7,2942,14.7,320,0,0,0
55670,WA,Morawa,59751,416,2,668,322,629.1,624.4,635,646.6,656.6,0,0,0,0,0,141.5,921.1,1,22.4,0,0,0
55740,WA,Mosman Park,68340,6913,5,9179,4135,6478,6702,6793,6975,7052,11,41,81,142,188,1350,8887.4,171,3765.8,0,0,0
55810,WA,Mount Magnet,39426,318,1,659,400,498,473,500,496,463,0,0,0,0,0,80,652.8,0,0,0,0,0
55880,WA,Mount Marshall,64050,319,3,452,318,550.4,533.6,568.9,576.5,588.5,0,0,0,0,0,99.8,760.4,4,124,0,0,0
55950,WA,Mukinbudin,65105,395,4,592,348,683.9,685.6,701,680.7,695.5,0,0,0,3,0,134.9,893.8,6.9,170.4,0,0,0
56090,WA,Mundaring,63810,26256,3,39129,15022,33192.2,33848.2,34488.4,35348.4,36434.5,20.8,60,122.3,239.6,402.7,9274.5,52448.7,840.4,18059.6,0,0,0
56160,WA,Murchison,72795,23,5,104,80,74.8,73.8,75.3,76.8,74.6,0,0,0,0.8,0,21.1,175.6,1.2,28,0,0,0
56230,WA,Murray,56600,11917,1,18026,8197,15891.7,16486.6,17091.4,17997.3,18935.9,3,6,14.8,43,86,6618.4,36695,614.3,12684.7,1,0,1
56300,WA,Nannup,38535,1021,1,1562,988,1537,1561.4,1617,1659.4,1726,2.9,2.9,4.1,5.1,6.9,456.7,2746.4,28.8,715.3,2,1,2
56370,WA,Narembeen,62641,558,2,789,404,857.8,842.8,872.8,892.8,915.3,0,0,0,0,0,180.6,1339.5,2,95.2,0,0,0
56460,WA,Narrogin,54873,3095,1,4742,2378,4105.9,4163.7,4170.6,4290,4433.5,0,0,3,3,3,879.6,5259.3,48.8,1196.5,0,0,0
56580,WA,Nedlands,78340,16505,5,22113,8382,15132.8,15311.5,15537.7,15850.4,16220.2,56.9,124.3,225.5,413.1,601.8,3109.7,21063.6,433.6,10069.6,0,0,0
56620,WA,Ngaanyatjarraku,18936,177,1,1363,610,210.3,192.9,183,186.5,184.2,0,0,0,0,0,29.3,364.1,1.9,85.8,0,0,0
56730,WA,Northam,58067,6849,2,11344,5194,9548.1,9851,10108.3,10317.4,10765.8,2.9,10.9,16.8,25.7,42.6,2678,15903.2,162.3,3509.1,0,0,0
56790,WA,Northampton,48985,2017,1,3223,2389,3034.3,3090.4,3067,3128.2,3242.4,0,0,3,3.2,3.3,904.6,5714.9,41.2,837.4,1,1,2
56860,WA,Nungarin,60596,134,2,246,125,241,242,242,254,254,0,0,0,0,0,46,278.2,0,0,0,0,0
56930,WA,Peppermint Grove,90000,1243,5,1602,612,1334.5,1348.8,1362.5,1379.5,1396.4,6.3,12.5,20.1,33.3,45.6,204.7,1423.7,27.2,621.7,0,0,0
57000,WA,Perenjori,65144,279,4,633,239,481.9,467.6,500,511.4,509.4,0,0,0,3,3,113.5,918.2,0,1,0,0,0
57080,WA,Perth,56520,27667,1,28468,17645,30039.7,30564.1,32210.6,34900.8,35654.8,58.8,131.7,247.3,467.4,680.8,1551.5,15293.3,180.5,4097.5,6,2,12
57140,WA,Pingelly,47215,698,1,1036,562,1161,1174.8,1205.7,1230,1262.9,0,0,2,0,2,265.8,1588.5,10.3,277.8,0,0,0
57210,WA,Plantagenet,46577,3590,1,5387,2686,5305.2,5453.5,5627,5716.4,5921.7,0,0,3,6,13.9,910.8,5128.1,33.8,700.3,0,0,0
57280,WA,Port Hedland,92947,10887,5,15626,7899,11571.4,11912.9,11864.2,11993.1,12030.7,3,0,4,9,13.9,664.5,7116.1,27.5,600.5,1,1,3
57350,WA,Quairading,53158,620,1,963,505,1091,1082,1093,1114,1119,0,0,0,3,3,224,1076.5,7,130.2,0,0,0
57420,WA,Ravensthorpe,63750,1390,3,2056,1376,1885.3,1954.1,2060,2098.3,2054.9,0,0,3,0.1,7.2,267.7,1706.9,7.9,172.7,1,1,1
57490,WA,Rockingham,64053,90679,3,135692,54884,96236,98366,101009,104176,109048,21,72,161,416,771,38313,194765.7,3549,68356.1,0,0,0
57630,WA,Sandstone,65900,41,5,105,102,80,88,89,85,82,0,0,0,0,0,29,156.4,0,0,0,0,0
57700,WA,Serpentine-Jarrahdale,67228,22700,5,32129,11189,25395.3,26431.4,27584.6,29068.7,30528.1,4,15,42.2,101,176,9995.6,62995.6,1134.7,25695.5,0,0,0
57770,WA,Shark Bay,47978,678,1,1019,1313,776,771.3,798.6,773.7,795.4,0,0,0,0,3.1,179.2,1599,2.3,43.1,0,0,0
57840,WA,South Perth,67754,32474,5,43401,20868,31027.7,31319,31974.2,33053.6,33764.3,54.9,123.8,224.7,487.4,763.1,6502,38082,781,16402.3,0,0,0
57910,WA,Stirling,64378,166117,4,226417,102149,172192.7,173935,178570.3,185477.3,190496.2,146.7,390.6,866.7,1983.5,3287.9,36256.2,210289.1,3922.3,83674.7,2,1,7
57980,WA,Subiaco,74901,13252,5,17299,8854,13185.9,13377.6,13991,14848,14816.7,38.4,76.6,138.5,292.5,426.7,2396.1,15738,340.4,6642.4,1,0,2
58050,WA,Swan,62684,108617,3,152763,58935,117396,122263.2,127142.2,133480.3,140866.1,53.7,161.2,365.3,813.3,1370.1,44355.4,266184.7,4863.3,108578.5,0,0,0
58190,WA,Tammin,58469,281,2,383,235,467,479,505,480,514,0,0,0,3,3,58,336.9,1,27,0,0,0
58260,WA,Three Springs,60469,333,2,577,316,562,569,569,604,587,0,0,0,0,0,134,841.4,9,369,0,0,0
58330,WA,Toodyay,55672,3113,1,4607,2353,4829.9,4934.1,5074.8,5260.1,5508.4,0.6,4.1,5.5,17.1,23.2,1650.9,8526.9,115.5,2647.2,0,0,0
58400,WA,Trayning,58564,177,2,292,250,381,376,378,387,396,0,0,0,0,0,69,352.1,0,0,0,0,0
58470,WA,Upper Gascoyne,66713,58,5,166,156,82,96,99,105,95,0,0,0,0,0,24,225.4,2,67.2,0,0,0
58510,WA,Victoria Park,66149,28323,5,36887,17983,28070.2,29269.2,30251,31473,32355,29.3,60.7,154.5,338.9,571.6,5149.7,30945.4,639.5,12784.9,3,1,4
58540,WA,Victoria Plains,58338,657,2,808,410,1048.5,1042.6,1047.6,1058.5,1084.5,0,0,0.1,0,2.2,172.1,1628.3,2.1,41.5,0,0,0
58570,WA,Vincent,69161,30862,5,36494,18235,30904.4,31182,32714.1,35139.7,36222.6,50.5,113.2,224.5,470.6,748.5,4087.1,27996.7,513.9,10134.1,3,0,4
58610,WA,Wagin,51083,1236,1,1763,894,1865.1,1883.8,1896,1986.9,1983.1,0,0,0,0,0,395.6,2225.2,15.1,377.2,0,0,0
58680,WA,Wandering,63931,348,3,550,257,614.7,622.1,638.3,651.5,668.9,0,0,1.1,0,1.1,121.8,727.8,4.8,127.9,0,0,0
58760,WA,Wanneroo,61711,144627,2,209069,78022,152524.9,157599.3,161815.4,169090.5,176665.9,57.1,159.5,357.2,899.6,1705.3,56714.6,314210.3,5488,121740.5,0,0,0
58820,WA,Waroona,55947,2818,1,4218,2221,4255,4384,4648,4804,5154,3,3,6,7,10,1225,7170.6,76,1582.4,0,0,0
58890,WA,West Arthur,55712,605,1,785,394,907,942.1,974.9,986.4,975.3,0,0,0,0.1,3,156.4,930.4,4.6,114.1,0,0,0
59030,WA,Westonia,70486,160,5,267,153,335.1,334.6,324,317.3,322.7,0,0,0,0,0,89.7,523,2.3,61.5,0,0,0
59100,WA,Wickepin,52941,489,1,682,335,915.1,916.3,936.4,952,947.5,0,0,0,0,0,141.4,701.5,3.2,54.4,0,0,0
59170,WA,Williams,60367,679,2,1029,485,1135.3,1147.5,1145.4,1172.8,1187.7,0,0,0,0,0.2,169.8,1280.6,9.6,265.3,2,2,6
59250,WA,Wiluna,26289,210,1,530,276,146,149,147,144,164,0,0,0,0,0,16,307.9,0,0,0,0,0
59310,WA,Wongan-Ballidu,64688,916,4,1286,663,1450.8,1451.8,1516.1,1525.6,1557.3,0,0,0,2.8,4.7,256.2,1796.2,10.4,211.7,0,0,0
59320,WA,Woodanilling,56802,268,1,452,218,492.5,491.7,481.1,501.7,517.1,0,0,0,0,0,86.4,406.7,1.1,18.2,0,0,0
59330,WA,Wyalkatchem,57527,322,2,475,357,526,546,558,563,552,0,0,3,0,0,126,638.5,0,0,0,0,0
59340,WA,Wyndham-East Kimberley,60131,4922,2,7478,4362,4762.9,4756.4,4637.7,4551.3,4548.4,0,0,5.6,6.5,11.2,485.2,5638.1,5.8,142,1,1,3
59350,WA,Yalgoo,36549,114,1,339,135,167.6,169.4,164.7,155,159.9,0,0,0,2.5,0,31.3,313,2.3,80.2,1,1,2
59360,WA,Yilgarn,60847,662,2,1209,705,1081,1129,1090,1114,1126,0,0,0,0,0,229,1448.8,3,69.4,1,1,3
59370,WA,York,50219,2403,1,3460,1862,3650.6,3772.7,3911.6,4008.9,4206.4,0,3,3,5,10.9,1138,6262.3,75.3,1650.3,0,0,0
