postcode,persons,dwellings,lv_2021,lv_2022,lv_2023,lv_2024,lv_2025,bev_2021,bev_2022,bev_2023,bev_2024,bev_2025,battery_kwh,battery_n,solar_kw,solar_n,chg_sites,chg_fast,chg_points
3000,43081,34399,21103,22285,21823,21897,22383,79,136,251,775,1182,0,0,3723.021,114,12,0,18
3002,4898,3472,4561,4741,4533,4696,4458,26,33,58,107,155,198.576,9,1155.614,111,0,0,0
3003,8004,5189,3530,3947,3997,4064,4209,7,18,36,77,104,275.016,15,2252.935,152,2,0,3
3004,11475,8157,11046,12161,13119,10851,8354,57,58,115,246,170,0,0,670.09,27,0,0,0
3006,22716,17531,11332,12219,12711,12499,11736,30,67,87,168,249,41.93,1,1450.395,47,2,1,2
3008,15514,10810,7212,8091,8543,8708,8971,27,57,115,173,283,166.734,6,2130.125,121,3,0,3
3011,22227,12315,13139,13568,14067,14448,14551,13,30,66,145,240,3936.576,135,9768.409,1338,2,2,2
3012,27071,12306,19301,18817,19540,19932,20294,14,26,78,175,311,6441.703,239,16069.177,2153,0,0,0
3013,15711,6847,9424,9394,9405,9664,9839,12,29,52,143,205,4737.385,179,8545.597,1467,0,0,0
3015,18638,7798,11724,11713,11792,12064,12592,9,15,54,147,220,5060.614,188,10339.531,1751,0,0,0
3016,15946,7172,11674,11629,11899,12037,12458,19,42,88,167,238,4334.646,172,10406.798,1754,1,0,2
3018,13585,6335,9950,9899,9992,10125,10299,22,31,56,118,186,4487.129,172,13423.794,1823,2,2,5
3019,9685,3965,6171,6217,6249,6614,6812,3,4,16,40,76,2937.584,93,5754.42,864,1,1,4
3020,44319,17625,31689,31445,31765,33133,33629,9,28,61,175,300,13092.304,456,32437.007,4700,1,1,1
3021,55139,20486,34808,34338,34032,34572,35672,6,11,41,90,161,13247.675,443,28657.568,5315,1,0,1
3022,3177,1346,2845,2688,2585,2627,2599,3,3,3,6,12,299.508,13,1717.584,296,0,0,0
3023,67081,21637,43964,44306,44972,45988,46929,23,54,151,302,472,30163.707,914,54125.548,8895,2,2,10
3024,33933,11592,18247,19446,21360,22957,25224,7,24,77,189,331,36950.106,1089,48607.816,7754,1,1,6
3025,12950,5322,9175,9279,11258,12070,12474,5,9,57,142,304,3409.323,122,11973.32,1600,1,1,1
3026,8788,2550,6467,7187,8020,8753,9470,6,9,25,66,114,5391.716,158,19054.065,981,3,3,7
3027,9453,3194,5383,5391,5679,6064,6287,8,22,69,150,211,9919.174,281,8676.565,1427,0,0,0
3028,28173,11687,19453,19004,19239,20072,20475,0,9,34,85,145,9761.806,347,18150.368,3361,2,1,7
3029,129883,41999,78177,82830,89351,96298,102928,37,124,344,851,1401,133816.255,3852,192304.219,28132,4,3,8
3030,119173,43637,78403,79070,80880,82570,85650,65,163,427,933,1583,99056.377,2967,122387.344,18992,5,4,17
3031,17737,9443,9924,9778,9805,9994,10276,4,23,51,112,173,2323.872,96,6500.613,1037,2,2,10
3032,29877,14439,17716,17803,18152,18436,18849,29,49,121,242,371,7144.287,255,12298.331,2080,1,1,50
3033,15076,5998,11204,11350,11568,11833,12157,7,19,40,86,123,4625.724,149,8713.662,1378,0,0,0
3034,12401,4902,8094,8114,8153,8287,8404,0,7,16,55,96,3918.144,124,6038.157,1021,0,0,0
3036,5961,2354,4810,4742,4756,4807,4893,0,4,11,25,47,2189.312,70,4647.72,697,0,0,0
3037,51397,16885,35041,34859,35116,35365,36158,11,31,82,168,286,22308.175,688,36821.547,6385,2,1,5
3038,26718,9578,20501,20280,20135,20257,20525,17,24,40,94,163,12183.425,388,20101.753,3322,3,3,10
3039,16154,8120,9751,9794,10032,10794,11216,14,32,64,129,211,3071.188,118,6441.243,1020,2,2,7
3040,26748,12208,17717,17641,17989,18305,18537,30,50,104,204,309,6454.41,233,12979.905,1928,0,0,0
3041,13099,5435,10914,11141,11558,12234,12671,15,44,80,223,373,4099.078,141,7819.317,1101,1,1,1
3042,16748,7440,13708,14619,14917,14965,15558,6,18,31,86,146,3892.074,128,10866.387,1507,1,1,1
3043,17848,7532,26270,27659,28893,27711,27493,14,80,141,258,351,4419.15,150,15870.255,1972,0,0,0
3044,28668,12323,17887,17735,17924,18339,18988,8,20,39,117,221,6658.205,252,12630.206,2219,0,0,0
3046,36763,15596,22677,22417,22802,23668,24381,10,26,62,134,193,6346.562,222,14681.697,2664,3,2,6
3047,21487,7818,13126,13182,13304,13923,14339,0,3,11,33,46,3553.296,115,13942.71,1886,3,3,11
3048,18079,5983,11836,11609,11829,12124,12556,0,5,9,20,38,5333.688,169,12907.174,2032,0,0,0
3049,9811,3867,7227,7175,7364,7488,7689,0,6,17,29,51,3158.15,108,6657.709,1073,1,1,4
3051,14951,8842,8497,7881,7858,7798,7883,13,27,56,98,135,869.561,36,2719.717,350,2,0,2
3052,7292,2854,2752,2824,2955,2880,2813,3,4,16,52,85,660.47,25,2102.999,177,0,0,0
3053,16001,10363,5469,5730,5646,5656,5687,6,11,22,62,88,506.49,21,2261.353,209,5,1,7
3054,8219,4136,4123,4117,4143,4161,4271,14,19,35,59,93,1021.048,47,2571.569,494,0,0,0
3055,14733,7893,7841,7907,7996,8150,8214,6,14,34,64,117,3037.066,123,5426.265,1013,0,0,0
3056,24934,13042,16776,17069,16965,17027,17486,23,44,104,176,295,4080.281,170,11899.612,1829,3,2,10
3057,13224,7531,6696,6847,6947,7147,7311,16,23,37,72,127,1710.992,77,4671.946,795,3,0,4
3058,34840,14963,22655,22677,23188,23765,24299,40,71,117,220,359,8829.739,364,23745.254,3767,4,2,7
3059,21280,6761,14401,15275,15988,16916,17919,7,18,51,120,195,16301.022,473,26395.425,3425,0,0,0
3060,14238,5407,9116,9177,9366,9676,10257,3,8,20,43,72,3276.42,108,7049.295,1147,1,0,1
3061,4984,1810,10527,9793,10319,10802,10971,7,11,15,28,41,2325.47,57,21546.245,1081,0,0,0
3063,564,204,597,592,598,608,604,0,0,0,0,3,422.26,12,814.85,91,0,0,0
3064,114355,35857,64668,69750,75548,81439,87576,25,61,178,401,736,81512.488,2398,144971.241,20755,6,3,9
3065,10430,6034,5315,5334,5312,5417,5432,19,37,52,86,133,527.604,26,2834.47,409,0,0,0
3066,9165,5674,5456,5426,5427,5526,5615,14,25,35,76,116,338.49,13,2807.427,283,0,0,0
3067,9122,5686,4920,5056,5127,5203,5246,10,21,36,71,111,872.195,33,2768.083,333,4,1,12
3068,19399,9492,10059,9929,10144,10339,10409,19,35,89,164,264,3815.68,179,7896.14,1442,3,2,4
3070,25259,11610,13924,14082,14158,14456,14775,26,50,97,230,363,6372.529,261,14748.108,2784,0,0,0
3071,18994,9150,11078,11042,11250,11441,11802,10,21,44,111,186,3706.114,150,10169.767,1688,3,0,6
3072,33703,15580,24186,24299,24568,24866,26133,13,26,75,169,309,7362.588,291,20475.208,3205,2,1,3
3073,51157,23192,31929,31419,31853,32601,33407,11,32,59,173,303,10568.45,386,24884.844,4458,2,2,2
3074,20185,8193,17700,17463,17809,18287,18778,5,8,18,57,93,5265.619,175,20011.318,2254,0,0,0
3075,23267,8728,14937,14750,14856,15244,15755,4,11,24,53,94,6141.06,207,13819.88,2271,1,1,4
3076,33517,11951,23439,23666,24467,25554,26354,12,22,43,110,179,14385.453,446,30544.614,4494,1,0,1
3078,12256,5652,8370,8436,8802,9177,9328,16,32,81,185,277,4133.41,158,8999.687,1382,2,2,3
3079,17071,7634,11415,11360,11696,12016,12467,27,56,96,190,320,5642.294,203,10483.452,1580,0,0,0
3081,14014,6520,9951,9799,10137,10266,10807,12,20,51,107,157,3107.88,113,9194.119,1373,0,0,0
3082,28687,10777,21483,21048,20900,21002,21207,5,15,33,77,119,11445.806,375,18240.529,3271,1,1,1
3083,31509,13030,21918,21530,21815,22585,23060,16,30,69,157,242,12405.296,411,20525.716,3451,2,1,4
3084,27041,11374,18116,17993,18108,18404,18670,22,49,99,237,388,10996.829,397,15831.958,2621,2,1,9
3085,14046,5650,8956,8955,9024,9098,9310,7,18,43,89,142,4876.89,191,8026.937,1415,0,0,0
3087,9111,3806,6029,5990,5928,6051,6141,4,9,20,47,78,2864.068,112,5541.372,967,0,0,0
3088,27203,10824,19589,19344,19371,19528,19956,20,39,60,154,286,11192.632,425,17955.316,3038,0,0,0
3089,12491,4354,9382,9493,9606,9667,9898,14,19,37,67,115,6777.5,238,10584.519,1652,1,1,1
3090,2583,791,2138,2173,2218,2339,2346,0,3,6,23,33,2014.572,62,3419.923,377,0,0,0
3091,1600,522,1572,1562,1571,1592,1633,4,9,8,15,20,1646.358,41,2824.295,314,0,0,0
3093,3965,1589,3035,2978,3015,3038,3136,9,12,20,36,62,2433.532,83,3790.312,467,0,0,0
3094,9263,3830,6461,6407,6414,6487,6512,7,10,21,47,90,3339.77,140,5971.578,1003,0,0,0
3095,28337,10284,21804,21734,21810,21901,22059,33,59,116,230,395,14744.564,535,22276.604,3408,2,1,5
3096,1924,640,1516,1488,1502,1534,1565,3,3,6,12,17,1039.096,38,1631.865,271,0,0,0
3097,1543,522,1387,1368,1355,1371,1400,3,3,8,17,22,1348.722,43,2322.399,282,0,0,0
3099,4978,1876,4237,4238,4239,4246,4255,0,8,19,40,52,1924.11,76,4799.094,754,0,0,0
3101,24508,10604,16659,16186,16505,16466,16708,79,133,235,446,613,8700.2,295,13356.946,1822,1,1,4
3102,6623,2634,4588,4546,4721,4996,4942,11,25,46,95,138,2945.966,98,4142.363,608,0,0,0
3103,15633,6841,10707,10572,10611,10786,10941,33,53,111,243,335,9238.396,267,8814.527,1316,1,1,4
3104,21329,7908,14063,14094,14197,14538,14811,36,62,156,321,479,16044.915,455,14480.619,2007,0,0,0
3105,11140,4656,8197,8107,8135,8023,8187,5,15,44,102,154,5311.521,168,6508.594,1049,0,0,0
3106,16955,6342,12626,12623,12817,12895,12916,35,53,110,229,338,14431.683,421,13845.837,2108,0,0,0
3107,14168,5479,9580,9606,9613,9768,9949,4,19,49,115,199,7291.974,224,8826.818,1377,0,0,0
3108,25035,11758,18132,18124,18870,19604,20122,21,68,185,365,677,14145.204,401,13775.96,2140,1,0,1
3109,31005,12300,20271,20452,20648,21059,21312,22,42,102,261,446,19516.112,579,18447.611,2974,1,1,4
3111,12627,4742,9230,9228,9286,9390,9663,26,42,72,139,233,10082.847,297,11042.197,1630,0,0,0
3113,8551,2987,6932,6963,6961,6974,7097,16,28,54,104,148,6288.838,208,9202.96900000001,1301,0,0,0
3114,3833,1239,3319,3237,3243,3266,3299,6,12,32,47,79,2940.283,91,4589.058,564,0,0,0
3115,3838,1301,3390,3321,3359,3344,3425,6,6,11,21,43,2607.912,89,4618.627,588,0,0,0
3116,11767,4346,8516,8612,8806,9019,9152,7,10,23,43,74,5731.542,193,10164.066,1587,1,1,1
3121,31586,17948,22590,23126,23397,24063,23596,107,153,248,487,718,2602.342,110,9000.93900000001,1287,6,4,18
3122,22343,11894,13934,13739,13936,14192,14525,47,77,127,256,364,3965.444,146,7667.854,1018,1,1,1
3123,14831,7714,9494,9445,9702,9966,10130,25,42,94,191,288,3650.218,129,5882.49,830,4,3,16
3124,21959,9063,15095,14825,14934,15192,15621,57,87,178,354,551,9889.66,336,12378.482,1819,2,2,10
3125,15131,6713,10383,10474,10809,10967,11083,11,40,86,160,261,8010.628,248,8577.493,1354,0,0,0
3126,7771,3189,5677,5521,5537,5615,5665,32,46,77,143,217,4441.421,143,4733.725,628,0,0,0
3127,18589,7780,12663,12628,12678,12924,13395,24,52,126,239,374,8738.911,304,10570.362,1701,0,0,0
3128,22856,11328,13183,13488,13902,14301,14797,24,54,110,210,311,7916.923,243,10461.546,1505,3,3,18
3129,17955,7378,11108,10953,11157,11421,11727,16,30,78,151,275,9719.698,306,10004.299,1691,0,0,0
3130,32984,13575,22736,22657,23280,23607,23885,26,48,146,312,512,17899.665,616,22275.172,3560,0,0,0
3131,23238,9641,16466,16781,17032,17184,17448,22,91,172,295,440,11595.857,390,17278.513,2638,2,1,5
3132,16816,7062,11912,11802,12169,12270,12396,19,33,70,159,231,7813.482,269,10927.447,1728,0,0,0
3133,22955,8542,16190,16186,16258,16524,17107,12,24,78,198,320,19570.853,590,18697.575,3131,1,1,1
3134,34605,14162,26217,26153,26496,26780,27382,26,50,118,265,428,16377.689,569,26316.592,3742,2,2,7
3135,20655,8307,13607,13555,13609,13751,14103,17,30,57,121,228,10593.717,387,14805.56,2351,0,0,0
3136,46295,19101,33276,33329,33570,34297,34598,31,48,91,251,441,19577.901,691,32159.336,5467,1,1,1
3137,14540,5934,11658,11767,11973,12120,12493,3,9,27,57,100,5691.959,221,14108.253,2038,0,0,0
3138,23107,8622,15823,15892,16046,16336,16612,7,11,36,71,121,9455.492,335,16569.927,2951,0,0,0
3139,14275,5399,12540,12705,12773,12920,13055,4,5,13,34,62,6437.718,228,16257.224,2308,0,0,0
3140,17361,7144,14427,14471,14776,15087,15576,13,16,39,63,125,8403.455,308,17213.219,2534,0,0,0
3141,25016,17682,12848,12778,13044,13320,13335,54,78,158,241,318,1270.476,47,3284.106,464,1,0,1
3142,12832,7192,10087,9871,9921,9959,9858,75,126,174,285,342,2298.542,73,4532.251,489,0,0,0
3143,9353,5399,6011,5872,5820,6011,6093,31,43,69,134,171,929.342,36,2949.183,405,1,1,1
3144,10773,5162,8409,8459,8533,8543,8475,39,67,117,203,275,2465.546,87,5429.218,676,1,1,1
3145,23579,10729,14278,14443,14715,14923,15195,38,64,143,267,402,7740.846,286,11581.709,1758,6,5,23
3146,26078,11300,16407,16286,16559,16903,17070,47,83,178,364,543,11597.841,385,13880.08,2072,0,0,0
3147,15120,6058,9383,9217,9291,9587,9903,24,38,90,207,320,8017.42,270,10160.888,1639,4,3,5
3148,9554,4150,6367,6383,6406,6502,6682,6,21,47,110,214,3973.216,130,4900.755,849,0,0,0
3149,35354,13889,25475,25355,26081,26791,27270,49,94,234,533,732,27220.076,836,26406.021,4186,1,0,1
3150,63243,24475,42665,42643,43113,43909,44341,74,141,339,792,1225,57329.075,1682,50449.041,8035,7,3,8
3151,10699,4440,7450,7525,7719,8147,8428,5,15,32,85,162,7083.752,213,7725.698,1379,0,0,0
3152,34865,13229,24953,24719,24815,25054,25291,32,59,135,330,502,30582.835,960,30289.812,4988,2,1,2
3153,21275,9026,19416,19853,19914,20179,20240,4,18,33,100,165,11046.259,374,25685.103,3042,3,3,3
3154,4506,1685,3371,3334,3337,3371,3495,3,0,5,14,35,2404.716,91,3587.263,584,1,1,1
3155,23634,10245,16619,16578,16739,17080,17526,8,25,48,110,184,10437.468,372,16641.298,2864,1,1,1
3156,38490,14898,29903,29838,30049,30638,31344,30,49,91,213,365,21202.413,720,32621.532,5418,3,1,4
3158,6840,2593,5196,5148,5119,5121,5228,5,7,13,28,55,3301.49,130,4779.761,778,0,0,0
3159,2583,932,2104,2112,2105,2151,2185,0,0,0,18,30,1313.54,43,1816.86,303,0,0,0
3160,9034,3456,6918,6895,6850,6856,6992,6,14,25,64,102,4807.932,169,6906.413,1064,2,1,7
3161,16886,8084,9587,9755,10031,10265,10454,37,60,104,216,301,4355.629,140,6811.349,824,0,0,0
3162,18108,7552,12425,12214,12247,12635,12845,29,61,106,262,394,6460.349,225,9204.25,1326,2,0,2
3163,32879,16405,19362,19600,19849,20274,20768,24,46,111,230,350,8187.013,297,12569.504,2090,3,1,16
3165,30194,11902,19278,19423,19578,20055,20480,19,47,122,271,443,12044.088,418,16379.43,2638,0,0,0
3166,24740,10705,16949,17215,17622,17851,18357,17,38,80,179,303,10595.237,344,14172.869,2070,1,1,2
3167,9830,3939,7470,7450,7585,7798,7926,5,15,38,80,148,5924.777,189,7689.938,1079,2,2,7
3168,21892,9173,14426,15642,16382,16846,17333,18,29,69,235,343,6436.083,185,10750.3,1190,4,0,14
3169,20800,8341,14182,14066,14456,14883,15195,6,18,56,98,172,9002.734,289,13857.789,2072,0,0,0
3170,19870,7387,20318,20450,21295,23502,24728,51,227,186,433,921,12774.771,402,18165.597,2524,2,0,23
3171,22184,8081,15147,15245,15606,16098,16411,9,24,56,147,212,8899.186,271,15686.17,2293,5,2,12
3172,23284,8190,16549,16388,16602,16855,17157,11,15,47,105,182,11213.607,367,17386.041,2836,0,0,0
3173,30071,9722,21718,22122,22914,23743,25022,16,53,135,296,453,25308.895,750,31980.911,4726,2,2,8
3174,39763,15440,25887,25469,25559,26369,27088,11,15,37,101,183,12709.1,416,22187.038,3765,1,0,1
3175,53551,20765,49322,48109,49097,51041,52043,52,37,127,349,496,20038.606,587,64122.514,5655,7,7,18
3177,11876,4667,7749,7645,7764,8107,8500,3,5,9,22,47,3330.214,112,7334.202,1286,0,0,0
3178,33656,12099,26696,26686,26753,26840,27157,21,44,112,249,422,24406.116,808,33449.988,5607,2,2,3
3179,6047,2221,5460,5497,5565,5715,5868,4,9,15,51,88,4730.399,156,8204.128,926,2,2,5
3180,7632,3069,6962,7030,7031,7266,7335,0,4,16,55,99,5834.75,191,9174.125,1262,0,0,0
3181,19613,12417,10507,10294,10301,10498,10754,22,45,74,162,239,1342.254,57,3881.458,592,1,1,1
3182,22446,16049,12857,12780,12809,12970,13180,18,61,91,142,217,1110.398,52,3785.335,583,1,1,1
3183,18007,9851,9389,9138,9268,9357,9428,15,41,64,123,167,1857.192,76,3854.775,646,0,0,0
3184,15151,9163,9467,9212,9319,9397,9558,17,35,81,136,193,1909.105,87,3746.03,686,0,0,0
3185,13424,6590,8758,8602,8596,8665,9254,18,45,83,150,245,3483.492,137,5401.141,838,0,0,0
3186,23248,10460,17356,17035,17245,17618,18121,74,136,241,439,581,7584.796,281,13607.829,1786,1,1,1
3187,16781,6783,11417,11261,11393,11681,11863,34,62,116,241,349,6356.886,222,10198.302,1605,2,1,10
3188,18594,8033,12223,12150,12313,12530,12962,21,50,100,225,363,6519.13,252,10817.384,1677,1,1,1
3189,6285,2803,7987,8155,8249,8587,8603,13,17,41,88,119,2444.384,80,7858.096,855,1,0,6
3190,12032,5427,7724,7901,8015,8120,8356,3,16,50,85,158,3167.229,129,5927.898,923,1,0,1
3191,10937,4931,7406,7495,7504,7667,7778,11,23,62,111,193,3157.736,133,6996.87,1027,1,0,1
3192,24118,10513,18449,18322,18514,18573,19115,5,23,68,166,280,8161.721,296,16585.088,2312,3,2,4
3193,20208,8148,14935,14911,15002,15110,15329,31,60,108,222,360,9363.038,381,15544.802,2222,2,0,2
3194,13194,6384,10041,9829,9867,10030,10221,6,14,35,80,139,4175.43,155,8985.897,1115,1,1,4
3195,37366,14904,28506,28606,29190,29517,30147,29,62,120,301,508,16158.654,571,35391.283,4565,2,1,2
3196,26889,12149,17722,17757,17900,18135,18509,7,20,54,112,202,7842.605,298,16544.579,2907,1,1,2
3197,12039,5436,8900,8882,8930,8975,9239,11,21,34,68,103,4529.409,161,8426.486,1566,0,0,0
3198,17187,8194,13803,13752,13816,14078,14490,4,10,30,64,105,4789.346,180,13639.644,2280,0,0,0
3199,56101,24919,39905,39837,40148,40429,41433,17,39,115,243,420,16675.593,638,38996.916,6526,4,3,13
3200,5697,2609,3377,3344,3417,3408,3473,0,4,6,11,16,835.054,33,2592.35,542,0,0,0
3201,21955,9032,18260,18424,18810,19120,19583,8,16,25,69,116,6799.936,259,23942.502,3372,1,1,2
3202,2811,1036,2297,2244,2508,2382,2363,7,9,12,28,43,1115.592,38,3522.811,326,1,0,1
3204,33170,13858,21027,21139,20625,21308,21875,28,49,140,297,549,12751.266,440,17251.522,2722,0,0,0
3205,11546,7223,9362,9485,9879,13606,17368,33,48,95,461,936,369.99,18,3094.379,372,4,1,7
3206,10041,5090,6541,6459,6517,6681,6787,27,36,79,130,189,890.234,47,3283.744,562,0,0,0
3207,17633,9706,18779,18646,18003,18508,20314,49,101,162,312,586,2107.316,81,7887.071,671,5,2,5
3211,1360,478,1354,1317,1357,1389,1405,3,0,3,4,12,607.27,20,2155.175,290,0,0,0
3212,19263,6965,13678,14278,14823,15528,16488,5,8,24,48,110,7851.23,299,21428.027,3669,0,0,0
3213,4726,1703,2690,2998,3224,3426,3682,3,8,14,25,31,3169.266,95,6427.602,763,0,0,0
3214,24520,10898,16545,16598,16758,17002,17273,0,5,12,20,44,4064.996,168,15724.293,3003,2,2,7
3215,22035,9790,17516,17592,17620,19641,21532,7,19,42,165,289,5052.723,197,16131.578,2458,1,0,2
3216,60108,24699,43052,43727,43839,44309,44850,29,63,126,281,469,18820.559,739,45360.696,7957,4,4,13
3217,20491,7610,10804,13135,15419,17715,20693,6,20,51,124,244,11243.471,421,25738.984,4052,2,0,2
3218,14967,7105,10120,10446,10591,10643,11029,4,18,37,84,143,4387.259,184,10561.879,1666,1,1,1
3219,20270,9708,14940,15125,15253,15185,15259,11,19,30,43,70,4320.194,183,14214.058,2607,1,1,6
3220,17256,8308,18646,19343,20247,19278,17583,24,47,121,262,342,5202.014,213,16377.064,1919,1,0,4
3221,811,291,4888,4547,4338,4108,3882,0,10,16,32,35,532.93,15,2193.616,507,0,0,0
3222,18582,7988,14267,14817,15123,15182,15547,5,14,28,61,98,8984.087,376,21859.47,3426,2,1,2
3223,9565,7540,8729,9614,10037,10285,10598,6,14,26,51,80,5384.704,242,14444.421,2435,0,0,0
3224,15078,6145,11244,11521,11876,12064,12618,3,8,17,40,70,5245.943,210,14640.379,2449,1,0,2
3225,5430,4147,4648,5161,5233,5207,5359,9,16,39,66,104,4051.91,182,9402.28900000001,1516,1,1,4
3226,17726,8670,13481,14181,14382,14502,14899,9,26,65,132,208,7848.774,311,21154.644,3542,1,1,4
3227,5455,2846,4424,4625,4571,4543,4657,8,18,35,66,109,3434.965,132,8005.408,1242,0,0,0
3228,24164,10887,17994,19328,19484,19783,20279,12,42,97,213,345,11457.008,458,28523.378,4287,3,3,14
3230,3221,2975,2984,3355,3298,3176,3224,3,7,15,38,63,2079.714,98,5862.231,931,0,0,0
3231,1559,1913,1567,1808,1761,1685,1754,3,10,16,26,54,1674.68,75,3587.523,580,0,0,0
3232,1323,1784,1453,1665,1572,1527,1526,5,10,10,15,17,539.506,26,1636.058,245,1,1,2
3233,2356,2564,2174,2321,2294,2260,2288,0,0,8,11,20,1596.076,60,4267.597,608,2,1,3
3235,511,262,461,480,487,491,500,0,3,3,3,5,629.88,21,966.595,139,0,0,0
3239,477,257,522,530,525,537,533,0,3,3,0,0,287.132,11,875.445,106,0,0,0
3240,2175,798,2101,2132,2183,2173,2274,0,0,12,13,36,1938.592,63,3267.431,481,0,0,0
3241,3059,1392,2832,2891,2956,3091,3137,3,0,4,8,15,1633.792,56,4200.003,628,2,0,3
3242,945,460,967,987,977,970,998,0,3,4,5,6,709.628,27,1473.865,224,0,0,0
3243,395,221,461,469,495,475,475,0,0,3,4,3,201.588,8,459.17,72,0,0,0
3249,3378,1506,3286,3331,3379,3386,3446,0,0,0,0,4,1693.72,53,3850.4,561,0,0,0
3250,12752,5826,10654,10879,10936,11049,11274,0,4,9,25,36,2852.542,105,10535.328,1628,3,3,15
3251,530,278,591,599,599,620,651,0,0,0,0,3,133.93,4,464.525,90,0,0,0
3260,4803,2357,4499,4612,4681,4673,4700,0,0,3,8,8,1227.52,41,5462.755,653,1,1,1
3264,2250,1094,2267,2294,2332,2322,2351,3,0,0,0,4,591.434,23,2879.005,348,0,0,0
3265,2819,1167,2664,2698,2744,2803,2835,0,0,0,4,6,1015.41,29,5816.071,459,0,0,0
3266,3046,1399,2945,3034,3114,3171,3219,3,0,3,7,7,1487.08,40,4872.592,492,0,0,0
3268,2565,1172,2781,2855,2897,2938,2925,0,0,3,3,6,1139.081,30,4719.365,429,0,0,0
3269,690,442,676,659,692,693,690,0,0,3,3,3,397.392,9,1561.097,144,2,1,5
3272,1614,832,1515,1584,1595,1616,1633,0,0,0,3,3,173.96,10,1914.725,280,0,0,0
3275,485,165,416,432,440,456,460,0,0,0,0,0,149.072,6,369.481,61,0,0,0
3276,429,194,487,509,517,507,511,0,0,0,0,0,11.04,1,612.77,72,0,0,0
3277,1835,775,1700,1740,1790,1809,1837,0,0,0,0,3,772.3,27,2663.345,252,0,0,0
3278,344,132,343,344,347,340,349,0,0,0,0,0,168.16,4,637.86,67,0,0,0
3279,310,116,303,292,303,312,320,0,0,0,0,3,223.2,5,573.255,51,0,0,0
3280,33290,15194,27452,28133,28427,28749,29452,9,23,67,121,167,7312.466,311,24155.281,3634,2,2,10
3281,1858,677,1668,1710,1761,1806,1825,0,0,0,4,6,804.247,32,2881.188,351,0,0,0
3282,2480,1089,2354,2395,2456,2518,2580,0,0,3,4,10,1016.26,45,2535.679,376,0,0,0
3283,1414,618,1234,1249,1291,1335,1383,0,0,0,0,3,599.554,27,1964.052,245,0,0,0
3284,3851,2386,3278,3369,3368,3331,3381,0,3,4,19,31,963.538,49,3875.661,565,2,0,3
3285,1241,597,1235,1255,1309,1316,1314,3,0,3,4,6,473.64,18,1334.283,217,0,0,0
3286,529,298,625,628,647,656,649,0,0,0,3,0,44.88,3,546.986,82,0,0,0
3287,414,198,480,487,482,485,492,0,0,0,3,0,106.2,4,402.302,62,0,0,0
3289,804,416,832,844,844,849,842,0,0,0,0,0,199.64,7,903.077,142,0,0,0
3294,968,516,1037,1065,1073,1081,1085,0,0,3,3,3,266.97,13,1237.534,163,1,1,2
3300,10489,5133,9325,9394,9523,9600,9720,0,5,8,18,31,1170.054,57,8311.617,1235,1,1,2
3301,1279,589,1261,1245,1318,1378,1357,0,0,3,3,3,170.768,9,1116.387,176,0,0,0
3302,366,191,415,409,413,432,422,0,0,0,0,0,0,0,307.385,53,0,0,0
3304,2763,1367,2760,2796,2789,2793,2782,0,0,0,3,0,406.6,22,3020.683,483,2,1,2
3305,13330,6515,12064,12265,12387,12379,12613,0,3,7,9,19,2400.194,98,12371.953,2016,1,1,1
3311,1677,970,1711,1759,1765,1729,1764,0,0,0,0,0,319.872,14,1757.927,300,0,0,0
3312,1029,531,996,1025,1020,1014,1022,0,0,3,0,0,102.031,3,833.615,137,0,0,0
3314,568,283,621,635,637,612,606,0,0,3,3,4,224.84,7,695.796,105,0,0,0
3315,1690,901,1900,1938,1970,1941,1923,0,0,0,0,0,180.45,11,1647.225,269,0,0,0
3318,1249,734,1346,1350,1348,1346,1311,0,0,0,0,0,202.38,12,1762.736,257,1,1,1
3319,403,238,399,396,419,437,418,0,0,0,0,0,22.08,1,343.481,59,0,0,0
3321,1790,635,1567,1597,1592,1659,1761,0,3,0,5,8,1303.664,42,2748.62,399,0,0,0
3324,583,349,636,653,630,647,638,0,0,0,0,0,75.4,3,615.61,112,0,0,0
3325,458,269,601,617,628,618,646,0,0,0,0,3,287.656,10,855.92,119,0,0,0
3328,2310,741,1726,1865,1966,2092,2192,0,0,0,3,10,1702.548,54,3146.327,498,0,0,0
3331,7207,2490,5735,5932,6111,6271,6444,0,4,8,20,43,4249.124,142,9325.625,1427,1,1,1
3332,1185,427,1054,1109,1184,1205,1262,3,4,5,6,10,680.478,23,1953.969,255,0,0,0
3333,863,368,895,920,924,953,952,0,0,0,0,3,454.76,17,1395.312,173,1,1,2
3334,548,276,612,611,618,617,631,3,3,0,0,3,276.9,9,557.901,88,0,0,0
3335,6188,2375,4049,5221,7044,9216,11258,0,7,28,87,150,15329.541,447,24832.698,3507,0,0,0
3336,17762,5425,7451,9834,12717,15983,19849,0,19,72,181,319,29242.175,845,35865.34,4813,0,0,0
3337,40797,15188,29478,29299,29642,30238,31231,9,22,46,91,146,14071.487,482,36090.273,6122,0,0,0
3338,37087,12880,20681,22073,24107,26376,29319,8,16,58,132,251,25005.8,777,44937.396,7005,2,1,3
3340,25602,10122,20317,21357,21453,21711,22571,9,16,41,86,156,12382.789,448,26432.519,4177,0,0,0
3341,1643,635,1738,1750,1689,1746,1795,3,3,0,4,8,777.94,27,1996.147,330,0,0,0
3342,3930,1729,3641,3716,3790,3819,3899,5,7,9,21,30,2060.677,86,5164.336,811,0,0,0
3345,1400,575,1262,1304,1337,1341,1394,0,0,3,3,6,913.868,35,2206.969,339,0,0,0
3350,66101,29531,49848,51325,52011,52789,54066,35,74,133,300,464,22463.989,903,57688.37,8475,5,3,29
3351,9120,3716,8555,8903,9189,9442,9674,5,9,10,26,41,5096.096,184,11919.513,1857,1,0,1
3352,18898,7324,17189,18010,18554,18960,19154,3,9,20,54,81,10944.097,389,26036.707,3591,1,1,4
3355,13097,6337,12333,12819,13184,13348,13527,5,12,21,36,62,3053.194,129,13371.563,1607,2,1,13
3356,15578,7265,12503,12390,12563,12479,12809,0,0,9,25,47,3282.262,141,14224.642,2157,1,0,2
3357,3762,1531,3113,3133,3201,3212,3252,0,6,11,20,34,1773.35,76,4464.658,711,1,0,1
3358,3432,1262,1761,2238,2768,3464,4352,3,0,5,8,20,2323.754,89,4056.975,594,0,0,0
3360,801,440,816,834,856,859,876,0,0,0,3,4,515.302,21,1044.675,176,0,0,0
3361,690,351,750,730,733,741,766,0,0,0,0,0,364.332,11,824.74,127,0,0,0
3363,3610,1699,3157,3210,3197,3210,3253,0,3,8,10,19,1379.685,63,5348.059,797,2,1,4
3364,2255,1071,2356,2351,2389,2387,2413,0,3,3,5,13,1652.989,61,3702.897,529,0,0,0
3370,1889,1032,1886,1942,1945,1896,1915,0,3,6,12,19,579.912,25,2736.085,474,0,0,0
3371,1085,662,1195,1220,1248,1245,1265,0,0,3,4,5,563.308,25,1749.51,325,0,0,0
3373,2474,1291,2618,2703,2711,2749,2845,0,0,7,13,10,1494.006,57,3884.897,575,1,1,4
3374,424,219,415,438,444,475,476,0,0,0,0,0,216.002,7,917.05,108,0,0,0
3377,9564,4338,7970,8032,8089,8077,8221,3,3,5,16,23,2544.528,104,9615.75199999999,1571,3,2,6
3379,750,413,815,840,868,852,846,0,0,0,0,0,305.28,9,779.56,128,0,0,0
3380,6226,3061,5644,5670,5734,5792,5882,0,3,3,3,6,1011.57,43,6422.398,921,2,2,14
3381,1402,949,1231,1302,1320,1307,1332,0,3,4,0,4,522.21,23,2549.253,347,2,0,4
3384,592,308,703,730,753,764,798,0,0,0,0,0,216.68,8,842.717,137,0,0,0
3385,549,269,597,611,605,603,629,0,0,0,4,4,307.442,10,934.025,137,0,0,0
3388,560,287,654,677,664,673,708,0,0,0,0,0,149.96,6,616.215,113,0,0,0
3390,956,509,916,934,950,944,959,0,0,0,0,0,138.19,7,1081.007,200,0,0,0
3392,587,331,610,615,625,647,636,0,3,3,3,0,82,5,628.45,122,0,0,0
3393,2603,1403,2687,2675,2734,2729,2797,0,0,0,4,4,602.906,28,3257.09,518,1,1,2
3395,341,190,525,544,547,558,553,0,0,0,0,0,85.4,3,644.477,113,0,0,0
3396,694,406,747,742,740,774,798,0,0,0,3,3,216.65,6,1026.5,165,1,1,1
3400,15125,7325,12896,13147,13236,13198,13478,7,10,10,17,28,2213.424,91,16127.893,2264,2,2,16
3401,4597,1970,4636,4739,4862,4893,5008,0,0,3,8,10,1303.978,46,6890.651,955,0,0,0
3402,0,0,36,31,32,28,26,0,0,0,0,0,0,0,90.74,23,0,0,0
3407,412,244,505,518,537,534,537,0,0,0,0,0,135,4,479.638,76,0,0,0
3409,984,520,1053,1086,1060,1075,1080,0,0,3,0,0,242.56,9,1336.085,244,0,0,0
3414,1742,995,1728,1749,1772,1765,1741,0,0,3,0,0,641.222,23,2332.535,414,1,0,1
3418,2855,1389,2862,2874,2883,2894,2939,0,0,0,3,3,370.55,15,2953.546,533,2,1,5
3419,893,475,970,962,950,939,933,0,0,0,0,0,61.2,2,1023.462,192,2,2,11
3424,761,464,903,911,937,927,920,0,0,0,0,0,196.55,9,1199.375,183,0,0,0
3427,5680,2313,3920,4182,4575,4910,5359,0,6,16,34,58,3949.014,133,7324.616,1105,0,0,0
3428,671,247,671,683,682,702,710,0,0,0,4,3,529.976,16,1175.186,133,0,0,0
3429,39098,15385,29232,29317,29729,30418,32014,8,18,48,129,270,22638.09,829,44581.222,7078,3,1,3
3431,4402,1640,3806,3983,4000,4035,4139,0,3,10,19,37,2727.518,95,5666.235,874,0,0,0
3434,6155,2345,5406,5581,5591,5646,5777,0,3,9,18,40,3256.57,108,7460.26,1127,1,1,1
3435,3221,1364,3061,3241,3335,3384,3382,10,11,13,15,25,1926.887,72,4792.935,686,1,1,1
3437,11707,4283,9410,9655,9739,10090,10622,7,11,35,83,139,8047.57,280,16267.288,2163,0,0,0
3438,2503,885,2106,2156,2207,2309,2428,0,3,3,8,15,2020.318,72,3877.779,472,0,0,0
3440,2069,776,1825,1876,1899,1908,1900,0,4,5,18,28,1274.504,41,2300.021,337,1,1,1
3441,1451,640,1300,1330,1345,1357,1341,4,7,14,21,30,963.092,33,1664.151,196,0,0,0
3442,8571,3624,7028,7232,7345,7395,7675,8,19,34,72,125,6608.485,245,12979.269,2003,1,1,2
3444,10049,4640,9095,9318,9498,9503,9638,5,13,39,63,95,4413.552,187,14858.684,2170,2,2,4
3446,1099,519,1072,1084,1073,1107,1127,0,0,0,5,12,452.9,26,1698.647,303,0,0,0
3447,526,268,541,577,579,568,557,0,0,0,0,0,457.038,19,1024.358,176,0,0,0
3448,985,496,1055,1113,1124,1138,1176,0,0,0,4,10,609.362,25,1804.287,314,0,0,0
3450,7610,3756,5893,6013,5992,5998,6078,7,19,34,59,88,2816.037,160,9010.006,1869,2,1,5
3451,5844,2786,4975,5188,5346,5378,5536,4,11,19,40,66,3530.176,168,8952.295,1568,0,0,0
3453,1856,823,1741,1840,1891,1922,1965,0,3,5,7,7,1128.744,47,3342.42,555,1,1,1
3458,2318,1398,2341,2426,2417,2439,2445,5,7,12,27,38,1697.702,75,4612.355,653,1,1,50
3460,2821,2017,2703,2794,2768,2749,2772,5,10,22,22,34,1655.384,74,4514.381,682,3,1,6
3461,4637,2891,4614,4845,4843,4819,4969,10,14,20,41,69,3081.323,129,7904.566,1295,0,0,0
3462,1235,685,1244,1302,1313,1284,1311,0,0,5,6,9,641.286,28,1635.012,360,0,0,0
3463,2561,1494,2817,2891,2960,2960,2955,0,3,11,23,33,1241.802,51,4151.088,805,0,0,0
3464,1184,515,1116,1159,1148,1152,1191,0,0,0,0,3,437.916,19,1944.75,267,0,0,0
3465,10103,5153,8928,9074,9129,9143,9302,3,3,9,15,20,3987.988,158,13383.785,2145,1,1,2
3467,1370,660,1429,1457,1456,1481,1467,0,0,0,0,0,684,24,1917.506,345,1,1,1
3472,1494,852,1643,1705,1788,1774,1797,0,0,0,0,0,602.626,26,2216.2,460,0,0,0
3477,841,437,927,945,974,988,975,0,0,0,3,3,345.19,11,1202.643,209,0,0,0
3478,2577,1447,2567,2655,2661,2693,2696,0,0,0,0,3,1289.424,45,3739.824,573,1,1,1
3480,1804,914,1850,1873,1886,1928,1937,0,0,0,3,3,578.904,22,2931.175,363,1,1,1
3483,876,474,1000,1011,1021,1032,1040,0,0,0,0,0,294.708,13,1302.33,192,0,0,0
3490,1296,700,1343,1332,1333,1376,1369,0,0,0,0,0,272.738,13,1866.28,232,2,2,2
3494,639,353,772,752,770,802,823,0,0,0,0,0,212.83,10,1898.857,118,0,0,0
3496,6446,2840,5957,5937,5982,5997,6034,0,0,3,3,6,1326.996,60,11235.279,1345,0,0,0
3498,5984,2401,5215,5467,5590,5669,5795,0,0,3,3,7,1783.19,75,11279.851,1208,0,0,0
3500,34594,15659,28459,28806,28906,29263,30080,9,15,23,57,86,7421.732,288,44948.108,5625,2,2,5
3501,2119,820,2730,2850,2997,2946,2963,0,0,3,5,7,927.518,29,5143.431,554,0,0,0
3502,0,0,200,205,217,225,234,0,0,0,0,0,0,0,337.295,53,0,0,0
3505,4980,2123,4569,4642,4675,4737,4773,0,0,0,5,4,1534.354,58,8659.2,1047,0,0,0
3512,368,189,417,410,422,424,418,0,0,0,0,0,78.4,3,457.115,85,2,2,2
3515,2496,921,1974,2131,2218,2320,2415,0,0,3,7,10,1747.266,65,4202.97,606,1,1,4
3516,721,387,787,801,829,846,836,0,0,0,0,0,336.474,11,1075.055,166,0,0,0
3517,1502,776,1478,1496,1486,1540,1586,0,0,3,4,5,1219.222,42,2601.398,424,1,1,2
3518,1309,807,1571,1664,1669,1688,1706,0,0,0,0,0,349.41,15,1856.129,353,1,1,2
3521,770,300,741,745,752,754,765,0,0,0,3,0,440.15,14,1132.897,171,0,0,0
3523,3943,2411,4233,4370,4433,4489,4560,3,0,5,24,31,2333.762,92,7235.376,1187,1,1,2
3525,1392,781,1380,1385,1417,1431,1444,0,0,0,0,0,292.81,11,2104.378,330,0,0,0
3527,741,429,796,818,831,861,860,0,0,0,0,3,262.34,9,1220.638,178,2,1,6
3533,756,444,821,824,848,862,879,0,0,0,0,0,285.344,8,1267.835,169,1,1,2
3537,1118,558,1032,1062,1077,1075,1101,0,0,0,0,0,411,19,1971.461,247,0,0,0
3546,336,180,504,501,514,534,519,0,0,0,0,0,73.34,4,604.535,98,0,0,0
3549,4029,1479,4283,4398,4373,4461,4476,0,0,0,0,3,1313.21,28,10014.054,626,1,1,1
3550,41824,19888,33858,34605,34771,34609,35281,29,48,84,148,256,12694.785,542,41709.099,6383,4,4,13
3551,35531,13137,29257,30536,31512,32189,33479,10,27,55,125,189,21749.951,809,54871.965,8183,1,0,1
3555,21001,9596,16114,16353,16461,16655,17137,6,8,15,44,70,5394.701,237,20778.787,3456,0,0,0
3556,14119,6228,11208,11420,11609,11810,12063,0,3,7,14,29,4050.938,175,14279.003,2630,0,0,0
3557,841,362,935,963,1006,1028,1025,0,0,0,0,0,325.692,12,1151.969,182,0,0,0
3558,965,511,1045,1072,1097,1129,1093,0,0,0,3,0,451.254,21,1408.109,237,0,0,0
3559,559,293,573,609,611,620,639,0,3,3,0,3,149.7,5,862.1,94,0,0,0
3561,4474,2113,4586,4634,4745,4556,4545,0,0,3,15,16,1443.952,60,8451.901,1131,0,0,0
3563,856,368,758,772,781,781,791,0,0,0,3,0,536.28,18,1587.825,212,0,0,0
3564,17084,7773,16730,17428,17606,17805,18190,3,7,11,23,37,6414.166,276,28105.897,3943,1,0,1
3566,569,304,592,631,626,622,621,0,0,0,0,0,264.79,7,1311.17,138,0,0,0
3567,668,341,760,728,741,737,759,0,0,0,0,0,666.22,15,2418.26,179,0,0,0
3568,2955,1474,3125,3338,3357,3384,3474,0,0,0,0,0,1556.75,54,6547.26,741,1,0,1
3570,842,379,808,835,858,880,880,0,0,0,0,0,356.12,15,1102.265,214,0,0,0
3573,346,178,383,385,397,404,405,0,0,0,0,0,242.7,9,955.855,82,0,0,0
3575,850,417,855,851,865,883,906,0,0,0,3,0,85.26,5,1432.085,180,0,0,0
3579,5445,2714,5173,5273,5311,5339,5385,3,3,3,4,4,1391.45,47,9621.753,1234,2,2,4
3580,1091,552,1182,1238,1242,1273,1291,0,0,0,0,0,362.264,13,1780.06,265,0,0,0
3584,1151,548,1068,1096,1110,1108,1125,0,0,3,3,3,717.7,22,2133.67,247,0,0,0
3585,11544,5232,10647,10731,10769,10940,11176,3,0,3,11,10,3165.874,109,17120.097,2040,1,1,2
3586,797,316,699,727,713,732,755,0,0,0,0,0,470.2,11,1444.769,147,0,0,0
3588,410,163,335,344,341,354,366,0,0,0,0,0,124.97,6,729.685,106,0,0,0
3589,351,168,435,422,414,431,437,0,0,0,0,0,231.8,5,985.718,68,0,0,0
3594,535,297,634,639,611,622,637,0,0,0,0,0,64.906,4,878.475,156,0,0,0
3595,687,331,638,655,618,616,631,0,0,0,0,0,44.8,2,820.7,165,0,0,0
3597,461,267,648,643,635,658,672,0,0,0,0,0,96,1,1715.307,96,0,0,0
3608,2825,1604,2803,2959,3043,3103,3261,0,3,5,8,11,1222.93,47,5823.25,830,1,1,2
3610,1605,728,1483,1505,1518,1536,1567,0,0,0,3,3,788.562,29,3043.319,440,0,0,0
3612,1793,1010,1967,2043,2028,2060,2120,0,0,3,3,4,568.334,28,2826.125,515,0,0,0
3614,942,366,865,849,868,864,905,0,0,3,3,0,454.25,16,1980,272,0,0,0
3616,5589,2518,5285,5328,5376,5429,5415,0,3,4,8,18,2512.222,103,9835.97500000001,1340,1,1,1
3618,676,317,658,652,660,661,716,0,0,0,3,0,468.85,15,1738,202,0,0,0
3620,8338,3810,7612,7677,7688,7754,7866,0,0,3,8,14,2719.246,110,13989.182,1979,0,0,0
3621,2461,1003,2122,2138,2220,2226,2281,0,0,0,0,0,803.932,31,4451.26,569,0,0,0
3622,539,202,503,522,505,518,500,0,3,3,3,0,56.8,3,978.7,102,0,0,0
3623,868,447,927,947,940,948,951,0,3,0,0,3,452.4,16,1793.205,234,0,0,0
3624,553,270,505,514,541,553,549,0,0,0,0,0,388.18,11,1395.305,155,1,0,1
3629,9520,4418,7823,7919,7979,7981,8197,0,0,7,10,20,2491.578,96,12123.129,1867,1,1,1
3630,32093,14053,27671,27994,28389,28315,28855,9,25,44,92,100,8629.774,325,36841.391,5552,3,3,12
3631,14601,5195,11458,12026,12575,13412,14138,3,5,20,41,62,9806.514,326,27996.083,3558,0,0,0
3633,622,243,639,647,637,647,645,0,0,0,0,3,434.275,15,1039.175,154,0,0,0
3634,1881,760,1865,1864,1875,1918,1916,0,0,0,4,5,907.64,31,3424.732,454,0,0,0
3635,563,263,604,595,600,606,623,0,0,0,0,0,128.72,4,1207.845,160,0,0,0
3636,5393,2501,4921,5002,5096,5075,5221,0,0,3,6,6,1724.37,76,8670.83,1342,0,0,0
3637,636,263,552,556,567,569,600,0,0,0,0,0,342.216,13,1520.742,157,0,0,0
3638,2197,1052,2058,2073,2061,2150,2190,0,0,0,0,3,1022.264,46,4273.77,540,0,0,0
3639,481,339,632,656,657,664,660,0,0,0,0,0,190.084,8,1396.373,166,0,0,0
3640,1026,408,1031,1018,1025,1080,1098,0,0,3,3,0,754.82,23,3591.225,312,0,0,0
3641,1265,600,1250,1311,1372,1344,1365,0,0,0,0,0,593.168,25,2521.97,340,0,0,0
3644,9367,4505,8856,9088,9277,9510,9778,3,3,7,13,13,3490.608,137,19612.902,2390,1,1,1
3646,606,267,620,622,645,663,650,0,0,0,0,3,353.262,14,975.76,165,0,0,0
3649,480,212,453,467,483,494,484,0,0,3,0,4,309.16,8,753,110,0,0,0
3658,6239,2663,6142,6226,6297,6343,6417,0,0,7,15,21,2941.238,111,8867.552,1455,1,1,1
3659,737,365,834,842,870,861,873,0,3,6,11,13,635.686,21,1445.05,218,0,0,0
3660,7850,3803,7128,7342,7467,7573,7701,3,3,5,10,19,2988.465,116,10229.866,1605,1,1,1
3662,1108,295,565,519,490,470,530,3,0,0,0,4,0,0,188.85,9,0,0,0
3664,1143,552,1110,1152,1169,1188,1248,0,0,4,9,11,1080.462,44,2504.202,367,1,1,4
3665,399,187,469,484,466,475,490,0,0,3,3,3,359.28,15,692.475,123,0,0,0
3666,5152,2738,5045,5096,5133,5116,5231,5,7,14,22,32,3526.139,145,8793.26500000001,1380,2,2,10
3669,1482,808,1495,1539,1555,1554,1567,0,3,0,6,10,905.132,35,2466.358,414,0,0,0
3670,602,290,660,689,679,671,661,0,0,0,0,0,533.854,23,1098.935,193,0,0,0
3672,10843,5412,9643,9832,10021,10160,10331,4,5,16,23,38,5850.83,258,16216.96,2408,1,1,2
3673,1831,882,1911,1976,2000,1983,2004,0,3,5,7,10,1887.2,68,3657.405,542,0,0,0
3675,1932,858,1882,1919,1914,1940,2014,0,3,0,4,7,1533.332,66,3672.835,598,0,0,0
3677,19241,8936,15643,16098,16400,16780,17140,5,9,14,37,50,7774.29,374,25985.028,3885,2,2,6
3678,6553,2841,6523,6689,6879,7030,7181,3,3,11,25,33,6142.771,232,15210.409,2088,3,3,9
3682,644,248,688,721,749,742,740,0,0,0,3,0,258.66,11,1420.321,191,0,0,0
3683,1743,845,1790,1826,1898,1886,1951,0,3,0,3,5,1192.326,54,2871.715,511,1,1,2
3685,2941,1409,3038,3114,3164,3192,3256,0,3,10,13,16,2048.906,84,6548.801,895,1,1,2
3687,1070,506,1080,1085,1132,1098,1143,0,0,0,3,3,608.75,29,1769.431,309,0,0,0
3688,1325,541,1436,1512,1516,1550,1589,0,0,4,9,11,1486.87,49,2731.141,432,0,0,0
3690,35017,15484,32104,32692,33314,33279,33843,11,29,47,85,120,14078.269,626,45916.752,6780,2,2,7
3691,12749,4616,10513,11097,11669,12247,12829,6,8,22,45,70,10265.673,402,26088.165,3541,1,1,8
3695,498,187,518,550,569,575,573,0,0,0,0,3,517.54,14,887.938,134,0,0,0
3697,562,307,562,589,588,593,593,0,0,0,3,5,668.704,27,1205.65,182,0,0,0
3698,1026,617,853,893,914,896,918,3,3,4,11,14,1017.49,47,2146.331,351,0,0,0
3699,1240,760,976,1044,1051,1017,1037,0,3,4,5,8,338.19,18,1657.275,236,0,0,0
3700,1395,625,1517,1555,1560,1587,1568,0,0,0,0,3,937.394,39,2533.658,371,0,0,0
3701,1108,624,1249,1249,1217,1239,1263,0,0,0,0,0,1078.18,43,2938.003,381,0,0,0
3707,1857,936,1844,1892,1850,1888,1898,0,0,0,0,0,574.83,26,3783.509,609,1,1,1
3711,588,365,617,671,680,671,692,0,3,3,3,4,411.04,15,1083.66,182,0,0,0
3712,354,239,434,443,426,423,432,0,0,0,0,0,142.4,6,862.49,87,0,0,0
3713,1011,926,1194,1297,1326,1291,1299,0,0,3,3,4,379.96,13,1725.015,291,0,0,0
3714,3746,2022,3804,3986,4084,4099,4202,0,0,5,8,11,2702.211,97,6147.023,920,1,1,2
3715,371,286,489,529,531,519,503,3,3,6,3,3,267.2,11,612.903,97,0,0,0
3717,3566,1905,3556,3708,3746,3749,3800,0,0,3,6,12,2642.04,92,6294.956,919,1,1,4
3719,416,276,620,642,656,654,673,3,3,0,3,4,560.02,19,1102.9,159,2,0,2
3720,676,687,952,1124,1126,1107,1125,0,3,3,3,0,875.94,27,2028.352,258,0,0,0
3722,5805,2876,5542,5909,6102,6092,6196,0,3,5,17,27,3815.938,144,12807.506,1569,2,2,8
3723,3756,3188,3556,4041,4044,3925,3968,3,12,11,16,24,2069.078,76,6352.072,901,1,0,1
3725,644,282,711,728,742,754,761,3,3,0,0,3,551.6,21,1163.43,181,0,0,0
3726,410,200,430,444,451,437,459,0,0,0,0,0,315.549,12,750.51,124,0,0,0
3728,677,312,677,718,725,728,737,0,0,0,0,0,378.006,12,1111.635,192,0,0,0
3730,9727,5081,9035,9612,9741,9804,10126,0,3,8,18,31,4649.107,218,19867.273,2974,1,1,2
3732,594,294,640,665,657,653,651,0,0,0,0,0,451.41,20,1311.437,198,0,0,0
3735,641,305,742,763,772,769,767,0,0,0,3,0,297.96,13,1083.585,141,0,0,0
3737,4400,2121,4462,4548,4563,4563,4599,3,4,7,9,14,2538.621,108,7157.741,1030,0,0,0
3740,1186,523,1136,1210,1208,1225,1244,0,3,4,7,10,939.73,40,2255.704,315,0,0,0
3741,3437,2436,3059,3255,3256,3282,3297,3,5,13,29,35,2890.67,108,6535.25,932,2,2,6
3744,522,283,484,504,506,482,490,3,0,3,7,9,271.92,14,751.004,131,0,0,0
3746,386,180,454,445,443,465,473,0,0,0,0,3,202.399,9,747.739,146,0,0,0
3747,5056,2327,4458,4606,4611,4711,4691,0,7,24,40,55,4195.438,195,9904.784,1522,2,1,8
3749,2127,915,1934,2031,2053,2085,2083,3,6,14,30,42,1780.49,75,4721.317,740,1,1,2
3750,24398,8033,12003,14378,16123,18060,20753,5,12,51,139,247,27934.506,810,39548.335,5579,0,0,0
3752,25021,8513,17327,17424,17787,18258,18705,4,17,58,105,182,12680.215,410,20287.906,3335,0,0,0
3753,4635,1525,3219,3551,3887,4685,5992,0,5,12,28,48,6832.964,217,10295.887,1477,0,0,0
3754,50509,17429,31121,31707,32850,33716,34986,11,34,103,231,420,30620.911,980,48481.11,7625,0,0,0
3756,15912,5679,11712,12509,13227,13937,15051,4,11,23,46,83,9780.431,322,19307.896,2928,2,2,8
3757,9754,3651,7850,7932,7989,8153,8420,6,16,28,42,67,4662.573,164,11011.439,1625,1,1,1
3758,2296,810,2125,2136,2133,2152,2203,0,0,4,8,11,1410.018,46,3059.339,465,1,1,4
3759,1061,392,991,984,1002,994,995,3,3,3,7,12,923.948,29,1751.449,236,0,0,0
3760,357,123,380,389,388,394,395,0,3,3,5,6,94.4,2,498.611,81,0,0,0
3761,1177,468,1141,1149,1149,1119,1162,0,3,4,7,14,1267.99,40,1807.802,270,0,0,0
3763,1667,730,1570,1629,1678,1696,1706,0,3,5,6,7,1363.23,48,2482.162,412,2,0,2
3764,10611,4334,8962,9152,9289,9637,9996,4,6,13,29,37,4554.235,169,12335.432,1900,2,2,7
3765,6888,2506,5392,5327,5332,5385,5419,3,6,16,26,45,2126.442,78,5436.834,866,0,0,0
3766,1280,542,1033,1026,999,1009,1007,3,3,3,8,11,882.54,27,890.33,143,0,0,0
3767,1270,529,971,954,948,931,978,0,0,0,6,16,603.61,19,742.5,101,0,0,0
3770,3306,1195,2856,2909,2904,2917,2974,5,4,10,11,22,1853.537,59,5642.513,598,0,0,0
3775,4096,1644,3600,3656,3631,3644,3729,3,7,15,19,28,1987.381,72,5822.033,759,1,1,2
3777,10920,4753,9166,9176,9227,9263,9507,10,14,19,42,73,4740.696,187,12559.789,1892,2,1,3
3779,492,365,511,531,519,516,520,0,3,3,3,4,329.8,12,1249.815,157,0,0,0
3781,4644,1716,3616,3602,3635,3610,3746,3,0,7,17,21,1456.586,53,3104.127,530,0,0,0
3782,7959,2957,6824,6841,6847,6910,6970,5,7,15,48,76,3587.406,143,7109.662,1122,0,0,0
3783,2581,947,2132,2174,2153,2212,2260,3,0,3,8,10,1323.228,46,2783.516,421,0,0,0
3786,1516,609,1236,1259,1260,1244,1276,0,4,4,12,33,997.58,42,1388.81,201,0,0,0
3787,964,409,817,813,819,830,848,0,3,4,11,17,489.028,17,631.525,96,0,0,0
3788,1766,782,1548,1484,1513,1494,1498,0,3,12,15,28,628.742,30,1245.936,184,0,0,0
3791,1418,609,1235,1236,1218,1261,1278,0,4,8,17,27,691.05,26,1210.998,168,0,0,0
3792,1050,405,889,887,885,884,908,0,4,4,14,19,328.44,12,828.839,137,0,0,0
3793,3657,1438,3117,3076,3074,3071,3168,0,4,7,18,27,2121.66,74,4232.567,545,0,0,0
3795,1319,477,1438,1409,1439,1472,1477,3,3,3,5,8,661.25,20,2561.306,267,0,0,0
3796,9791,3559,7585,7595,7588,7627,7838,4,7,12,35,57,3854.218,146,7225.131,1230,0,0,0
3797,3750,1592,3261,3278,3381,3367,3440,0,6,8,16,15,843.43,35,3966.535,609,1,1,1
3799,5959,3003,5176,5136,5134,5165,5246,4,8,11,18,25,1769.088,69,5625.277,973,0,0,0
3802,24466,8715,17262,17118,17198,17403,17737,5,20,46,98,173,14621.604,459,19404.702,3648,0,0,0
3803,11339,3899,10715,10637,10631,11081,11199,7,10,21,60,96,6081.939,189,14889.996,1805,0,0,0
3804,8461,2521,7429,7418,7437,7502,7636,5,15,35,70,106,8687.317,257,12503.832,1507,0,0,0
3805,58593,19230,40440,40699,41240,42080,42954,31,72,137,274,479,38047.535,1223,53479.221,9301,1,0,2
3806,51310,18281,36508,37056,37874,39421,41272,40,68,181,413,729,46083.414,1439,55869.487,8938,2,2,5
3807,7685,2697,5799,5852,5969,6147,6222,4,7,17,44,69,4437.091,151,8122.173,1238,0,0,0
3808,3136,1042,2691,2757,2795,2823,2905,4,4,11,25,34,2546.928,72,4209.453,547,0,0,0
3809,19634,6992,11460,12766,14181,15528,16943,6,20,59,136,259,19977.344,629,29845.833,4272,0,0,0
3810,55582,20691,38426,39214,40622,41995,43850,15,37,81,193,343,27820.775,949,57037.451,8644,1,1,6
3812,2489,906,2329,2307,2328,2314,2386,0,3,3,4,10,1880.338,64,4456.667,584,0,0,0
3813,967,368,969,968,1027,1023,1050,0,0,0,3,3,554.048,19,2212.876,184,0,0,0
3814,2629,991,2178,2197,2289,2347,2386,3,0,5,9,12,1166.267,42,3077.289,431,0,0,0
3815,3687,1372,2959,3029,3124,3266,3367,0,3,3,8,18,2075.03,66,4448.605,627,0,0,0
3816,3249,1338,2646,2790,2860,2908,3042,0,0,4,9,9,1225.358,48,4046.056,573,0,0,0
3818,17262,7208,13732,14318,14766,15163,15834,3,7,21,51,88,9467.806,360,21130.793,3416,0,0,0
3820,20035,8421,16326,17187,17658,18037,18527,7,15,34,79,132,9295.577,380,24219.071,3673,3,1,3
3821,3144,1262,2926,2955,2990,3016,3081,0,3,7,14,18,2077.868,73,4976.108,657,0,0,0
3822,996,376,971,977,1000,1030,1025,0,3,0,3,3,472.498,18,1328.203,192,0,0,0
3823,2112,935,1917,2015,2052,2026,2080,3,5,7,12,20,1175.508,52,3321.637,521,0,0,0
3824,5444,2353,4645,4801,4866,4954,4959,0,3,5,12,19,2732.744,111,6220.181,943,0,0,0
3825,21202,10439,17695,18022,18255,18416,18878,3,7,15,34,55,7957.016,322,21834.133,3747,3,2,5
3831,2008,872,1871,1966,2011,2010,2017,3,4,3,8,12,1256.842,44,3129.765,478,0,0,0
3835,478,220,544,550,538,540,558,0,0,0,0,0,313.1,10,893.99,93,0,0,0
3840,17219,8132,14904,14994,15195,15342,15692,0,7,19,39,51,4715.1,202,19366.171,2698,1,1,1
3842,4901,2188,3761,3743,3808,3829,3975,3,3,4,5,9,1691.954,78,4584.637,821,1,0,2
3844,31207,13805,27344,28177,28732,29083,29634,11,23,62,126,186,11533.968,486,33607.475,5041,4,3,8
3847,2272,1026,2133,2166,2195,2214,2234,0,0,0,3,6,1417.946,54,3483.18,497,0,0,0
3850,15421,7187,12533,12690,12762,12944,13058,4,8,8,39,61,5182.67,223,15674.639,2298,5,1,6
3851,6253,4559,5434,5748,5914,6025,6181,0,0,5,10,22,4558.917,169,10437.007,1742,0,0,0
3854,1481,569,1358,1361,1398,1450,1507,0,0,0,3,5,611.344,23,2162.96,333,0,0,0
3856,1083,444,987,1047,1049,1068,1096,0,0,0,0,0,458.33,17,1496.92,238,0,0,0
3857,395,166,411,418,391,385,417,0,0,0,0,3,211.428,7,606.17,104,0,0,0
3858,3135,1507,2998,3175,3275,3348,3446,0,0,0,5,7,1722.456,54,6202.664,766,1,1,2
3859,947,418,896,902,957,957,984,0,0,0,0,3,452.94,12,2338.002,215,0,0,0
3860,7442,3588,7115,7245,7298,7317,7357,0,3,0,10,16,2407.055,111,9103.63,1409,1,1,1
3862,3547,1579,3227,3426,3548,3626,3722,3,0,0,7,7,1663.296,72,5704.896,868,1,1,2
3865,521,214,571,564,564,578,583,0,0,0,0,0,179.774,7,1213.029,144,0,0,0
3869,1724,758,1685,1740,1805,1835,1902,0,0,6,5,6,1025.43,48,2591.578,425,0,0,0
3870,1327,631,1346,1350,1356,1354,1376,0,0,0,3,5,435.298,22,1550.693,332,0,0,0
3871,3041,1371,2748,2765,2783,2783,2821,0,3,5,9,17,1864.056,77,4176.986,667,1,1,1
3873,323,142,333,352,347,357,357,0,0,0,3,0,128.49,4,636.945,87,0,0,0
3874,603,478,703,696,722,717,723,0,0,3,3,0,296.512,15,1198.155,192,0,0,0
3875,19978,9185,18147,18742,18936,19069,19447,7,12,28,61,95,7081.912,347,26922.881,4086,3,2,5
3878,1291,709,1178,1237,1238,1312,1339,0,0,0,4,8,686.494,37,2179.627,379,0,0,0
3880,4236,2782,3962,4128,4166,4191,4283,3,4,7,13,17,2284.97,123,6582.911,1224,1,1,2
3882,1320,572,1225,1280,1358,1403,1432,0,0,0,0,0,938.044,42,2105.251,345,0,0,0
3885,1891,974,1989,1978,2010,2021,2063,0,0,0,4,11,736.4,33,2787.659,502,3,2,3
3886,423,187,435,417,415,417,426,0,0,3,0,0,207.77,8,630.35,87,0,0,0
3888,3461,2066,3398,3456,3532,3532,3508,0,3,0,6,10,1025.29,46,4833.449,795,2,1,3
3892,1184,816,1156,1180,1172,1153,1147,0,0,0,0,3,417.24,26,2272.272,421,1,1,1
3896,342,244,468,479,472,456,432,0,0,0,0,0,59.17,4,502.975,79,0,0,0
3898,697,626,780,815,776,790,810,0,0,0,0,4,88.24,4,1181.746,182,1,1,2
3902,418,215,427,444,452,483,467,0,0,0,0,0,175.749,9,615.702,99,0,0,0
3903,866,407,817,865,897,893,943,0,0,0,0,0,397.11,22,1298.628,206,0,0,0
3904,1898,1232,1754,1874,1933,1957,1969,0,3,3,6,15,831.734,47,3175.737,547,0,0,0
3909,8671,5013,7371,7583,7618,7611,7678,0,3,6,10,26,2572.084,134,11433.075,1921,4,3,9
3910,23623,9090,17660,17759,17784,17770,18166,7,16,35,83,137,8284.135,322,19234.467,3312,0,0,0
3911,3499,1390,3122,3182,3121,3141,3282,0,4,10,16,28,2116.557,72,4689.694,607,0,0,0
3912,15629,6047,13047,13116,13265,13340,13637,4,11,23,44,87,6273.935,248,15977.57,2448,0,0,0
3913,3450,1328,3195,3165,3174,3288,3351,0,3,4,11,24,1726.724,66,4603.751,620,0,0,0
3915,10713,4849,8096,8205,8282,8467,8712,4,4,12,15,32,3556.932,149,11226.316,1616,2,1,2
3916,1047,785,1060,1125,1120,1085,1084,6,12,19,29,34,1370.044,56,3209.513,352,0,0,0
3918,4252,1736,3607,3653,3662,3687,3714,3,4,8,18,35,1890.732,89,5251.648,916,0,0,0
3919,3333,1412,2573,2540,2619,2662,2769,0,3,4,4,12,1038.926,46,2926.44,538,0,0,0
3920,1122,106,502,519,493,469,471,0,0,0,0,0,0,0,0,0,0,0,0
3922,10101,9830,8735,9684,9712,9626,9815,3,13,30,62,80,5714.768,256,18069.154,2730,3,1,7
3923,842,603,742,854,824,818,831,0,3,3,9,11,512.64,22,1458.427,247,0,0,0
3925,4531,3249,3748,4080,4158,4203,4369,0,4,11,34,53,3133.311,141,8318.096,1200,1,1,2
3926,3416,1933,3001,3083,3075,3097,3112,5,11,19,36,52,2358.968,98,6098.476,862,0,0,0
3927,1866,1245,1529,1579,1554,1596,1648,7,10,15,26,46,1337.06,69,3343.917,523,0,0,0
3928,454,286,545,562,535,541,527,0,5,9,12,15,657.71,24,1592.276,149,0,0,0
3929,1135,1016,1092,1227,1224,1235,1293,4,14,24,30,40,1372.042,58,3968.182,449,1,1,1
3930,18728,6917,14383,14358,14355,14400,14679,29,53,110,237,356,11157.342,391,20132.751,2725,0,0,0
3931,25761,11927,21305,21318,21407,21709,22113,22,56,94,183,304,8549.288,340,22678.673,3762,4,1,59
3933,995,396,1144,1130,1121,1137,1145,3,0,4,8,12,688.96,23,2440.334,207,0,0,0
3934,19856,8422,14666,14857,14991,15169,15475,17,45,97,174,285,9198.804,364,20688.029,3190,1,0,1
3936,13395,8903,11103,11486,11456,11508,11773,12,28,57,103,146,4882.764,204,13953.704,2104,1,1,4
3937,1709,886,1560,1623,1567,1545,1589,4,10,23,43,54,1282.043,57,4131.537,435,0,0,0
3938,3349,2150,3006,3047,3042,3048,3086,3,9,15,25,40,1675.034,79,3907.567,681,0,0,0
3939,15898,9559,13034,13270,13211,13227,13657,7,22,41,94,133,6346.264,261,18064.432,2855,2,2,3
3940,5239,3786,3779,3797,3791,3779,3822,0,0,4,9,15,881.002,43,3452.566,609,0,0,0
3941,13617,12057,11738,12119,11845,11777,12093,8,21,40,90,126,7041.254,280,16715.188,2678,2,1,4
3942,2770,3541,2693,2867,2826,2823,2923,3,10,25,38,53,2021.996,84,5134.598,759,0,0,0
3943,1982,3082,2069,2257,2225,2196,2248,9,18,25,35,50,1640.136,64,5215.04,675,1,1,2
3944,817,1466,1039,1208,1167,1190,1181,5,10,17,26,37,1146.27,41,2677.283,294,0,0,0
3945,1086,497,1018,1046,1045,1040,1075,3,3,4,4,10,663.916,24,1910.376,293,0,0,0
3950,5147,2392,4478,4587,4653,4695,4799,0,3,5,6,11,1805.062,76,6291.994,993,2,2,4
3951,1012,470,1072,1097,1097,1110,1074,0,4,6,8,11,695.502,23,1928.922,268,0,0,0
3953,8168,3748,7514,7667,7792,7882,8064,6,8,11,18,34,3484.545,147,11091.09,1575,2,2,2
3954,369,175,366,379,387,390,391,0,0,3,0,0,66.5,4,593.275,102,0,0,0
3956,3053,3134,2960,3205,3215,3184,3253,3,3,4,12,21,2144.505,97,6660.876,1063,1,1,1
3957,305,129,345,359,357,348,345,0,3,0,3,0,221.81,8,678.287,77,0,0,0
3959,1237,1329,1302,1367,1368,1352,1338,0,0,7,12,12,1050.662,44,3232.985,519,1,1,1
3960,2685,1614,2666,2744,2760,2757,2762,3,3,5,7,15,1231.686,49,5049.65,790,2,2,2
3962,958,564,976,1012,999,1004,1017,0,0,0,0,5,533.592,20,1526.22,268,0,0,0
3966,553,313,607,614,619,604,616,0,0,0,3,0,282.09,10,860.645,122,0,0,0
3971,4180,2391,4173,4237,4228,4260,4327,3,3,3,6,13,1503.096,62,6195.208,952,1,1,1
3975,17999,5216,10880,11015,11489,11899,12542,4,17,44,112,176,16593.015,505,21992.255,3695,1,1,4
3976,26117,8645,16691,16630,16634,16844,17414,3,8,18,51,83,12169.368,405,19812.852,3843,0,0,0
3977,117171,39393,75058,77315,79936,82894,86508,30,87,223,507,861,68672.08,2228,124997.326,20479,5,3,8
3978,43206,13873,23503,27154,31088,36315,42890,10,37,128,408,698,57238.012,1736,87170.425,12508,5,4,15
3979,369,161,388,400,394,402,396,3,3,0,3,3,418.39,14,727.185,99,0,0,0
3980,3578,1357,2989,3029,3077,3099,3160,0,0,6,6,12,1438.588,58,4446.817,717,0,0,0
3981,5468,2080,4562,4634,4719,4853,4921,0,0,3,11,15,2663.472,90,7966.943,1020,0,0,0
3984,7383,4036,6399,6906,7181,7393,7628,5,9,16,30,54,5088.292,214,11549.366,1857,1,1,1
3987,1646,605,1544,1618,1601,1571,1621,0,3,0,3,5,967.18,34,2168.498,346,0,0,0
3988,1091,490,1090,1143,1164,1135,1173,0,0,0,0,0,559.688,19,1738.84,248,0,0,0
3991,407,212,458,464,460,465,479,0,0,0,0,0,177.91,5,915.212,139,0,0,0
3992,1281,629,1003,1123,1179,1210,1277,0,0,0,3,6,881.662,35,2223.225,329,0,0,0
3995,11611,6508,9733,10185,10366,10541,10900,12,20,39,68,98,6553.12,290,18047.833,2920,1,0,2
3996,6630,4705,5646,6015,5981,5987,6135,5,13,25,39,66,3665.716,168,10861.439,1767,3,2,3
