postcode,suburbs
3002,"East Melbourne"
3003,"West Melbourne"
3004,"Melbourne"
3006,"South Wharf, Southbank"
3008,"Docklands"
3011,"Seddon, Footscray"
3012,"Kingsville, Tottenham, Maidstone +2"
3013,"Yarraville"
3015,"South Kingsville, Spotswood, Newport"
3016,"Williamstown North, Williamstown"
3018,"Seaholme, Altona"
3019,"Braybrook"
3020,"Albion, Sunshine, Sunshine North +1"
3021,"Albanvale, Kealba, Kings Park +1"
3022,"Ardeer"
3023,"Burnside Heights, Burnside, Cairnlea +3"
3024,"Manor Lakes, Wyndham Vale, Mambourin +1"
3025,"Altona North"
3026,"Derrimut, Laverton North"
3027,"Williams Landing"
3028,"Seabrook, Laverton, Altona Meadows"
3029,"Hoppers Crossing, Tarneit, Truganina"
3030,"Werribee South, Point Cook, Werribee +2"
3031,"Kensington, Flemington"
3032,"Travancore, Ascot Vale, Maribyrnong"
3033,"Keilor East"
3034,"Avondale Heights"
3036,"Keilor North, Keilor"
3037,"Calder Park, Delahey, Sydenham +2"
3038,"Keilor Lodge, Keilor Downs, Taylors Lakes"
3039,"Moonee Ponds"
3040,"Essendon West, Aberfeldie, Essendon"
3041,"Strathmore Heights, Essendon North, Essendon Fields +1"
3042,"Niddrie, Keilor Park, Airport West"
3043,"Gowanbrae, Gladstone Park, Tullamarine"
3044,"Pascoe Vale South, Pascoe Vale"
3045,"Melbourne Airport"
3046,"Oak Park, Hadfield, Glenroy"
3047,"Jacana, Dallas, Broadmeadows"
3048,"Coolaroo, Meadow Heights"
3049,"Westmeadows, Attwood"
3051,"North Melbourne"
3052,"Parkville"
3053,"Carlton"
3054,"Princes Hill, Carlton North"
3055,"Brunswick West"
3056,"Brunswick"
3057,"Brunswick East"
3058,"Coburg North, Coburg"
3059,"Greenvale"
3060,"Fawkner"
3061,"Campbellfield"
3062,"Somerton"
3063,"Yuroke, Oaklands Junction"
3064,"Roxburgh Park, Kalkallo, Donnybrook +2"
3065,"Fitzroy"
3066,"Collingwood"
3067,"Abbotsford"
3068,"Clifton Hill, Fitzroy North"
3070,"Northcote"
3071,"Thornbury"
3072,"Preston"
3073,"Reservoir"
3074,"Thomastown"
3075,"Lalor"
3076,"Epping"
3078,"Alphington, Fairfield"
3079,"Ivanhoe East, Ivanhoe"
3081,"Bellfield (Banyule - Vic.), Heidelberg Heights, Heidelberg West"
3082,"Mill Park"
3083,"Kingsbury, Bundoora"
3084,"Eaglemont, Heidelberg, Rosanna +1"
3085,"Yallambie, Macleod"
3087,"Watsonia North, Watsonia"
3088,"Briar Hill, St Helena, Greensborough"
3089,"Diamond Creek"
3090,"Plenty"
3091,"Yarrambat"
3093,"Lower Plenty"
3094,"Montmorency"
3095,"Eltham North, Research, Eltham"
3096,"Wattle Glen"
3097,"Watsons Creek, Bend Of Islands, Kangaroo Ground"
3099,"Nutfield, Hurstbridge, Cottles Bridge +2"
3101,"Kew"
3102,"Kew East"
3103,"Deepdene, Balwyn"
3104,"Balwyn North"
3105,"Bulleen"
3106,"Templestowe"
3107,"Templestowe Lower"
3108,"Doncaster"
3109,"Doncaster East"
3111,"Donvale"
3113,"North Warrandyte, Warrandyte"
3114,"Park Orchards"
3115,"Wonga Park"
3116,"Chirnside Park"
3121,"Cremorne, Burnley, Richmond"
3122,"Hawthorn"
3123,"Hawthorn East"
3124,"Camberwell"
3125,"Burwood"
3126,"Canterbury"
3127,"Mont Albert, Surrey Hills"
3128,"Box Hill South, Box Hill"
3129,"Mont Albert North, Box Hill North"
3130,"Blackburn North, Blackburn South, Blackburn"
3131,"Forest Hill, Nunawading"
3132,"Mitcham"
3133,"Vermont, Vermont South"
3134,"Warranwood, Warrandyte South, Ringwood North +1"
3135,"Heathmont, Ringwood East"
3136,"Croydon Hills, Croydon South, Croydon North +1"
3137,"Kilsyth South, Kilsyth"
3138,"Mooroolbark"
3139,"Wandin East, Seville East, Don Valley +7"
3140,"Lilydale"
3141,"South Yarra"
3142,"Toorak"
3143,"Armadale"
3144,"Kooyong, Malvern"
3145,"Caulfield East, Malvern East"
3146,"Glen Iris"
3147,"Ashwood, Ashburton"
3148,"Chadstone"
3149,"Mount Waverley"
3150,"Wheelers Hill, Glen Waverley"
3151,"Burwood East"
3152,"Wantirna, Wantirna South"
3153,"Bayswater North, Bayswater"
3154,"The Basin"
3155,"Boronia"
3156,"Upper Ferntree Gully, Lysterfield South, Ferntree Gully +1"
3158,"Upwey"
3159,"Selby, Menzies Creek"
3160,"Tecoma, Belgrave Heights, Belgrave +1"
3161,"Caulfield North"
3162,"Caulfield, Caulfield South"
3163,"Glen Huntly, Murrumbeena, Carnegie"
3165,"Bentleigh East"
3166,"Huntingdale, Hughesdale, Oakleigh East +1"
3167,"Oakleigh South"
3168,"Notting Hill, Clayton"
3169,"Clarinda, Clayton South"
3170,"Mulgrave"
3171,"Springvale"
3172,"Springvale South, Dingley Village"
3173,"Keysborough"
3174,"Noble Park North, Noble Park"
3175,"Dandenong North, Dandenong, Bangholme +1"
3177,"Eumemmerring, Doveton"
3178,"Rowville"
3179,"Scoresby"
3180,"Knoxfield"
3181,"Windsor, Prahran"
3182,"St Kilda West, St Kilda"
3183,"Balaclava, St Kilda East"
3184,"Elwood"
3185,"Gardenvale, Ripponlea, Elsternwick"
3186,"Brighton"
3187,"Brighton East"
3188,"Hampton East, Hampton"
3189,"Moorabbin"
3190,"Highett"
3191,"Sandringham"
3192,"Cheltenham"
3193,"Black Rock, Beaumaris"
3194,"Moorabbin Airport, Mentone"
3195,"Waterways, Aspendale, Aspendale Gardens +3"
3196,"Edithvale, Chelsea, Bonbeach +1"
3197,"Carrum, Patterson Lakes"
3198,"Seaford"
3199,"Frankston South, Frankston"
3200,"Frankston North"
3201,"Carrum Downs"
3202,"Heatherton"
3204,"McKinnon, Ormond, Bentleigh"
3205,"South Melbourne"
3206,"Middle Park, Albert Park"
3207,"Port Melbourne"
3211,"Little River"
3212,"Avalon, Point Wilson, Lara"
3213,"Batesford, Moorabool, Lovely Banks +1"
3214,"North Shore, Norlane, Corio"
3215,"Drumcondra, Rippleside, Bell Park +3"
3216,"Marshall, Wandana Heights, Grovedale +3"
3217,"Charlemont, Armstrong Creek, Mount Duneed +1"
3218,"Manifold Heights, Herne Hill, Geelong West +3"
3219,"Thomson (Greater Geelong - Vic.), Whittington, Breakwater +3"
3220,"South Geelong, Geelong, Newtown (Greater Geelong - Vic.)"
3221,"Ceres, Barrabool, Gnarwarre"
3222,"Clifton Springs, Marcus Hill, Curlewis +3"
3223,"Indented Head, Bellarine, Portarlington +1"
3224,"Leopold, Moolap"
3225,"Swan Island, Queenscliff, Swan Bay +1"
3226,"Ocean Grove"
3227,"Breamlea, Barwon Heads, Connewarre"
3228,"Jan Juc, Bells Beach, Torquay +1"
3230,"Anglesea"
3231,"Moggs Creek, Fairhaven, Big Hill (Surf Coast - Vic.) +2"
3232,"Lorne"
3233,"Petticoat Creek, Marengo, Skenes Creek North +3"
3234,"Sugarloaf, Grey River, Kennett River +3"
3235,"Pennyroyal, Benwerrin, Boonah +1"
3236,"Mount Sabine, Forrest"
3237,"Weeaproinah, Wattle Hill, Ferguson +5"
3238,"Hordern Vale, Johanna, Lavers Hill +1"
3239,"Kennedys Creek, Chapple Vale, Gellibrand +1"
3240,"Moriac, Gherang, Modewarre +3"
3241,"Wurdiboluc, Winchelsea South, Bambra +3"
3242,"Birregurra"
3243,"Whoorel, Murroon, Warncoort +1"
3249,"Coragulac, Dreeite South, Balintore +22"
3250,"Colac East, Colac West, Elliminyt +1"
3251,"Cundare, Eurack, Cundare North +2"
3254,"Cororooke"
3260,"Skibo, Koallah, Chocolyn +15"
3264,"Terang"
3265,"Noorat East, Taroon, Glenormiston North +14"
3266,"Bullaharre, Jancourt, Elingamite +7"
3267,"Scotts Creek"
3268,"Nirranda East, The Cove, Curdies River +14"
3269,"Waarre, Port Campbell, Princetown"
3270,"Peterborough"
3271,"Pura Pura, Darlington, Dundonnell"
3272,"Woorndoo, Mortlake"
3273,"Hexham"
3274,"Caramut"
3275,"Mailors Flat"
3276,"Minjah, Woolsthorpe"
3277,"Mepunga, Mepunga East, Mepunga West +3"
3278,"Purnim West, Purnim"
3279,"Wangoom, Ballangeich"
3280,"Dennington, Warrnambool"
3281,"Woodford, Bushfield, Winslow +1"
3282,"Illowa, Koroit"
3283,"Yarpturk, Southern Cross, Yangery +7"
3284,"Orford, Port Fairy"
3285,"Rosebrook, Tyrendarra East, Narrawong +5"
3286,"Knebsworth, Warrabkook, Macarthur"
3287,"Minhamite, Hawkesdale"
3289,"Purdeet, Tabor, Gazette +2"
3292,"Nelson"
3293,"Narrapumelap South, Nareeb, Glenthompson"
3294,"Woodhouse, Karabeal, Victoria Point +4"
3300,"Byaduk North, Hamilton"
3301,"Buckley Swamp, Morgiana, Mount Napier +12"
3302,"Grassdale, Branxholme"
3303,"Lake Condah, Wallacedale, Breakaway Creek +2"
3304,"Homerton, Lyons, Myamyn +9"
3305,"Dutton Way, Allestree, Portland North +9"
3309,"Digby"
3310,"Tahara West, Merino"
3311,"Corndale, Casterton"
3312,"Brimboal, Dunrobin, Nangeela +16"
3314,"Bulart, Mooralla, Cavendish +2"
3315,"Clover Flat, Hilgay, Muntham +14"
3317,"Harrow"
3318,"Connewirricoo, Ullswater, Kadnook +4"
3319,"Bringalbert, Benayeo, Apsley"
3321,"Hesse, Wingeel, Inverleigh"
3322,"Cressy"
3323,"Duverney, Foxhow, Berrybank"
3324,"Mount Bute, Mingay, Lismore"
3325,"Vite Vite, Vite Vite North, Derrinallum"
3328,"Teesdale"
3329,"Barunah Plains, Barunah Park, Shelford"
3330,"Rokewood"
3331,"Russells Bridge, She Oaks, Gheringhap +4"
3332,"Lethbridge"
3333,"Bamganie, Meredith"
3334,"Mount Doran, Cargerie, Bungal +2"
3335,"Rockbank, Grangefields, Thornhill Park +2"
3336,"Aintree, Deanside, Fraser Rise"
3337,"Melton West, Kurunjang, Harkness +2"
3338,"Melton South, Weir Views, Cobblebank +4"
3340,"Hopetoun Park, Long Forest, Bacchus Marsh +10"
3341,"Dales Creek, Korobeit, Pentland Hills +2"
3342,"Durdidwarrah, Colbrook, Bunding +6"
3345,"Gordon"
3350,"Bakery Hill, Eureka, Soldiers Hill +17"
3351,"Nintingbool, Springdallah, Piggoreet +24"
3352,"Cardigan Village, Bonshaw, Gong Gong +54"
3355,"Lake Gardens, Wendouree, Mitchell Park"
3356,"Delacombe, Sebastopol"
3357,"Buninyong"
3358,"Winter Valley"
3360,"Happy Valley (Golden Plains - Vic.), Willowvale, Pittong +2"
3361,"Bradvale, Carranballac, Skipton"
3363,"Creswick North, Langdons Hill, Glendaruel +4"
3364,"Smokeytown, Springmount, Broomfield +20"
3370,"Mount Cameron, Ullina, Glengower +1"
3371,"Stony Creek (Central Goldfields - Vic.), Mount Glasgow, Caralulup +7"
3373,"Main Lead, Nerring, Lake Wongan +10"
3374,"Great Western"
3375,"Bayindeen, Middle Creek, Buangor +1"
3377,"Rocky Point, Shays Flat, Armstrong +17"
3378,"Yalla-Y-Poora, Tatyoon"
3379,"Stavely, Chatsworth, Willaura North +4"
3380,"Stawell"
3381,"Bellellen, Mokepilly, Illawarra +8"
3384,"Wattle Creek, Tulkara, Frenchmans +7"
3385,"Riachella, Roses Gap, Deep Lead +5"
3387,"Germania, Kanya, Bolangum +8"
3388,"Banyena, Rupanyup"
3390,"Kewell, Murtoa"
3391,"Brim"
3392,"Boolite, Sheep Hills, Minyip"
3393,"Aubrey, Lah, Wilkur +7"
3395,"Rosebery, Reedy Dam, Kenmare +1"
3396,"Hopetoun"
3400,"Horsham"
3401,"Riverside, Haven, Quantong +28"
3407,"Englefield, Pigeon Ponds, Gatum +2"
3409,"Clear Lake, Wombelano, Mitre +6"
3412,"Goroke"
3413,"Ozenkadnook, Neuarpurr, Minimay +1"
3414,"Tarranyurk, Antwerp, Dimboola"
3415,"Miram"
3418,"Lorquon, Lawloit, Kiata +7"
3419,"Kaniva"
3420,"Lillimur, Serviceton, Telopea Downs"
3423,"Jeparit"
3424,"Albacutya, Yaapeet, Rainbow"
3427,"Diggers Rest"
3428,"Bulla"
3429,"Wildwood, Sunbury"
3430,"Clarkefield"
3431,"Riddells Creek"
3432,"Bolinda"
3433,"Monegeetta"
3434,"Cherokee, Kerrie, Springfield (Macedon Ranges - Vic.) +1"
3435,"Benloch, Goldie, Nulla Vale +1"
3437,"Gisborne South, Bullengarook, Gisborne"
3438,"New Gisborne"
3440,"Macedon"
3441,"Mount Macedon"
3442,"Cadello, Rochford, Cobaw +6"
3444,"Metcalfe East, Greenhill, Edgecombe +15"
3446,"Malmsbury, Drummond North"
3447,"Taradale"
3448,"Metcalfe, Sutton Grange, Elphinstone"
3450,"Moonlight Flat (Mount Alexander - Vic.), Castlemaine"
3451,"Chewton Bushlands, Irishtown, McKenzie Hill +12"
3453,"Ravenswood South, Harcourt, Harcourt North +1"
3458,"Newbury, Barrys Reef, Little Hampton +6"
3460,"Basalt, Daylesford"
3461,"Hepburn Springs, Sailors Hill, Elevated Plains +25"
3462,"Green Gully, Muckleford South, Welshmans Reef +2"
3463,"Tarrengower, Eastville, Gower +9"
3464,"Carisbrook"
3465,"Flagstaff, Simson, Craigie +18"
3467,"Avoca"
3468,"Mount Lonarch, Amphitheatre"
3469,"Nowhere Creek, Glenpatrick, Glenlofty +2"
3472,"Betley, Bromley, Bet Bet +7"
3475,"Archdale Junction, Burkes Flat, Archdale +4"
3477,"York Plains, Grays Bridge, Marnoo East +27"
3478,"Tanwood, Yawong Hills, Moonambel +4"
3480,"Laen, Laen East, Gil Gil +15"
3482,"Warmur, Massey, Watchem +1"
3483,"Birchip West, Karyrie, Ballapur +7"
3485,"Banyan, Watchupga, Willangie +1"
3487,"Lascelles"
3488,"Turriff East, Speed, Turriff"
3489,"Tempy"
3490,"Mittyack, Torrita, Tutye +5"
3491,"Patchewollock"
3494,"Nangiloc, Iraak, Colignan +1"
3496,"Cardross, Cullulleraine, Lindsay Point +5"
3498,"Irymple"
3500,"Mildura"
3501,"Nichols Point, Koorlong, Hattah"
3505,"Cabarita, Merbein West, Birdwoodton +4"
3506,"Cowangie"
3507,"Walpeup"
3509,"Linga, Underbool"
3512,"Carina, Murrayville, Panitya"
3515,"Wilsons Hill, Marong, Shelbourne"
3516,"Bridgewater On Loddon, Yarraberb, Derby +3"
3517,"Rheola, Kingower, Kurting +8"
3518,"Skinners Flat, Kurraca West, Kurraca +13"
3520,"Korong Vale, Kinypanial"
3521,"Pyalong"
3522,"Glenhope East, Tooborac"
3523,"Argyle, Heathcote South, Lake Eppalock +8"
3525,"Barrakee, Chirrip, Yeungroon East +9"
3527,"Jeruk, Wycheproof South, Glenloth East +10"
3529,"Kalpienung, Nullawil"
3530,"Cokum, Sutton, Warne +2"
3531,"Boigbeat, Berriwillock"
3533,"Tyenna, Bimbourie, Straten +9"
3537,"Minmindie, Catumnal, Gredgwin +6"
3540,"Oakvale, Cannie, Quambatook"
3542,"Tittybong, Lalbert"
3544,"Ultima East, Gowanford, Chinangin +4"
3546,"Cocamba, Winnambool, Gerahmin +4"
3549,"Happy Valley (Swan Hill - Vic.), Tol Tol, Robinvale +5"
3550,"Ironbark, West Bendigo, Quarry Hill +9"
3551,"Epsom, Ascot (Greater Bendigo - Vic.), Emu Creek +32"
3555,"Golden Gully, Golden Square, Big Hill (Greater Bendigo - Vic.) +1"
3556,"Jackass Flat, California Gully, Sailors Gully +7"
3557,"Barnadown, Fosterville, Muskerry +1"
3558,"Burnewang, Hunter, Runnymede +1"
3559,"Avonmore, Gobarup, Burramboot +2"
3561,"Ballendella, Fairy Dell (Campaspe - Vic.), Bonn +5"
3562,"Torrumbarry"
3563,"Lockington"
3564,"Echuca Village, Roslynmead, Wharparilla +5"
3565,"Kotta"
3566,"Gunbower"
3567,"Horfield, Leitchville"
3568,"Keely, Wee Wee Rup, Daltons Bridge +8"
3570,"Drummartin, Auchmore, Neilborough +2"
3571,"Kamarooka North, Tandarra, Pompapiel +1"
3572,"Prairie, Tennyson, Milloo"
3573,"Pine Grove, Calivil, Terrick Terrick East +1"
3575,"Jungaburra, Sylvaterre, Gladfield +6"
3576,"Durham Ox"
3579,"Gonn Crossing, Murrabit West, Pine View +26"
3580,"Koondrook"
3581,"Lake Charm"
3583,"Tresco"
3584,"Tresco West, Lake Boga"
3585,"Fish Point, Winlaton, Chillingollah +10"
3586,"Murrawee, Murraydale, Tyntynder South +3"
3588,"Woorinen South"
3589,"Woorinen, Woorinen North"
3590,"Beverford"
3591,"Vinifera"
3594,"Nyah"
3595,"Nyah West"
3596,"Wood Wood, Miralie, Towan"
3597,"Narrung, Kenley, Lake Powell +3"
3599,"Boundary Bend"
3607,"Tabilk"
3608,"Kirwans Bridge, Goulburn Weir, Graytown +5"
3610,"Murchison East, Moorilim, Murchison North +2"
3612,"Moora, Waranga Shores, Whroo +1"
3614,"Toolamba West, Toolamba"
3616,"Gillieston, Tatura East, Mooroopna North West +4"
3617,"Byrneside"
3618,"Merrigum"
3620,"Kyabram South, Wyuna East, St Germains +3"
3621,"Kyvalley, Yambuna, Tongala"
3622,"Strathallan, Koyuga"
3623,"Carag Carag, Stanhope"
3624,"Girgarre"
3629,"Ardmona, Mooroopna, Mooroopna North +2"
3630,"Shepparton, Caniambo"
3631,"Orrvale, Grahamvale, Kialla West +11"
3633,"Congupna"
3634,"Zeerust, Marionvale, Marungi +4"
3635,"Mundoona, Wunghnu, Kaarimba"
3636,"Drumanure, Naring, Invergordon +1"
3637,"Waaia, Yalca"
3638,"Kotupna, Yielima, Nathalia"
3639,"Picola West, Lower Moira, Barmah +1"
3640,"Katunga"
3641,"Ulupna, Mywee, Bearii +1"
3644,"Muckatah, Cobram East, Koonoomoo +2"
3646,"Mount Major, Nalinga, Yabba South +4"
3647,"Dookie College"
3649,"Katamatite East, Katamatite"
3658,"Waterford Park, Sunday Creek, Tyaak +5"
3659,"Tallarook"
3660,"Dropmore, Kerrisdale, Trawool +6"
3662,"Puckapunyal"
3663,"Mangalore"
3664,"Upton Hill, Avenel"
3665,"Locksley, Longwood"
3666,"Sheans Creek, Riggs Creek, Kelvin View +13"
3669,"Koonda, Gowangardie, Tamleugh North +8"
3670,"Tarnook, Baddaginnie, Warrenbayne"
3672,"Benalla"
3673,"Broken Creek, Lima, Upper Ryans Creek +12"
3675,"Mount Bruno, Boweya North, Glenrowan +7"
3677,"Wangaratta"
3678,"Bowser, Waldara, Oxley Flats +31"
3682,"Boralma, Lilliput, Norong +1"
3683,"Chiltern Valley, Cornishtown, Chiltern"
3685,"Carlyle, Gooramadda, Boorhaman North +3"
3687,"Wahgunyah"
3688,"Barnawartha, Indigo Valley"
3690,"Wodonga, West Wodonga"
3691,"Bellbridge, Killara (Wodonga - Vic.), Gateway Island +29"
3695,"Charleroi, Huon, Sandy Creek"
3697,"Tawonga"
3698,"Tawonga South"
3699,"Mount Beauty, Bogong, Falls Creek +1"
3700,"Tallangatta East, Georges Creek, Tallangatta +2"
3701,"Old Tallangatta, Tallandoon, Granya +6"
3704,"Koetong"
3705,"Cudgewa"
3707,"Colac Colac, Towong Upper, Corryong +5"
3708,"Tintaldra"
3709,"Pine Mountain, Mount Alfred, Walwa +2"
3711,"Buxton"
3712,"Thornton, Rubicon"
3713,"Taylor Bay, Lake Eildon, Eildon"
3714,"Cathkin, Koriella, Maintongoon +6"
3715,"Woodfield, Ancona, Merton"
3717,"Killingworth, Homewood, Ghin Ghin +5"
3718,"Molesworth"
3719,"Kanumbra, Terip Terip, Gobur +1"
3720,"Bonnie Doon"
3722,"Barwite, Mansfield"
3723,"Macs Cove, Sawmill Settlement, Howqua Inlet +23"
3725,"Boxwood, Major Plains, Chesney Vale +2"
3726,"Bungeet, Bungeet West, Thoona +1"
3727,"Almonds, Yundool, Pelluebla +2"
3728,"Boomahnoomoonah, Youarang, Wilby +1"
3730,"Bathumi, Esmond, Bundalong South +7"
3732,"Moyhu, Myrrhee"
3733,"Whitfield"
3735,"Whorouly East, Whorouly, Bowmans Forest +1"
3737,"Havilah, Merriang, Merriang South +11"
3738,"Ovens"
3739,"Eurobin"
3740,"Porepunkah, Mount Buffalo, Buckland"
3741,"Freeburgh, Germantown, Smoko +3"
3744,"Wandiligong"
3746,"Eldorado"
3747,"Murmungee, Wooragee, Stanley +1"
3749,"Bruarong, Yackandandah"
3750,"Wollert"
3751,"Woodstock"
3752,"South Morang"
3753,"Beveridge"
3754,"Mernda, Doreen"
3755,"Yan Yean"
3756,"Chintin, Upper Plenty, Wallan +1"
3757,"Pheasant Creek, Eden Park, Kinglake Central +3"
3758,"Heathcote Junction, Wandong"
3759,"Panton Hill"
3760,"Smiths Gully"
3761,"St Andrews"
3762,"Bylands"
3763,"Kinglake"
3764,"Moranding, Forbes, Kilmore East +4"
3765,"Montrose"
3766,"Kalorama"
3767,"Mount Dandenong"
3770,"Yering, Gruyere, Coldstream"
3775,"Tarrawarra, Steels Creek, Yarra Glen +2"
3777,"Badger Creek, Mount Toolebewong, Castella +3"
3778,"Fernshaw, Narbethong"
3779,"Marysville, Cambarville"
3781,"Nangana, Mount Burnett, Cockatoo"
3782,"Clematis, Avonsleigh, Macclesfield +1"
3783,"Gembrook"
3785,"Tremont"
3786,"Ferny Creek"
3787,"Sassafras"
3788,"Olinda"
3789,"Sherbrooke"
3791,"Kallista"
3792,"The Patch"
3793,"Monbulk"
3795,"Silvan"
3796,"Mount Evelyn"
3797,"Gilderoy, Yarra Junction, Gladysdale +2"
3799,"Millgrove, Big Pats Creek, Wesburn +4"
3802,"Endeavour Hills"
3803,"Hallam"
3804,"Narre Warren East, Narre Warren North"
3805,"Narre Warren South, Narre Warren"
3806,"Harkaway, Berwick"
3807,"Guys Hill, Beaconsfield"
3808,"Dewhurst, Beaconsfield Upper"
3809,"Officer South, Officer"
3810,"Rythdale, Pakenham South, Pakenham Upper +1"
3812,"Maryknoll, Nar Nar Goon North, Nar Nar Goon"
3813,"Tynong, Tynong North"
3814,"Vervale, Garfield North, Cora Lynn +1"
3815,"Bunyip North, Bunyip, Iona +1"
3816,"Longwarry North, Modella, Longwarry +1"
3818,"Drouin East, Hallora, Drouin West +5"
3820,"Lillico, Bona Vista, Warragul"
3821,"Bravington, Warragul West, Nilma +14"
3822,"Gainsborough, Cloverlea, Darnum"
3823,"Allambee, Yarragon South, Yarragon"
3824,"Thorpdale South, Childers, Trafalgar East +3"
3825,"Amor, Rawson, Coalville +24"
3831,"Neerim, Neerim South, Neerim East"
3832,"Nayook, Neerim Junction, Neerim North"
3833,"Baw Baw Village, Piedmont, Icy Creek +8"
3835,"Thorpdale"
3840,"Jeeralang Junction, Hazelwood South, Maryvale +5"
3842,"Churchill"
3844,"Flynns Creek, Callignee South, Traralgon South +13"
3847,"Hiamdale, Nambrok, Willung +2"
3850,"Wurruk, Sale"
3851,"Paradise Beach, Flamingo Beach, Glomar Beach +23"
3852,"East Sale"
3854,"Glengarry West, Glengarry North, Glengarry"
3856,"Toongabbie"
3857,"Cowwarr"
3858,"Dawson, Gillum, Seaton +17"
3859,"Tinamba West, Maffra West Upper, Tinamba +1"
3860,"Bushy Park, Riverslea, Coongulla +12"
3862,"Hollands Landing, Llowalong, Hawkhurst +13"
3864,"Glenaladale, Fernbank"
3865,"Lindenow"
3869,"Jumbuk, Yinnar, Yinnar South"
3870,"Boolarra, Budgeree, Boolarra South +1"
3871,"Baromi, Allambee South, Darlimurla +5"
3873,"Gormandale"
3874,"McLoughlins Beach, Woodside Beach, Woodside"
3875,"Eastwood, Newlands Arm, Melwood +29"
3878,"Eagle Point"
3880,"Paynesville, Raymond Island, Ocean Grange +1"
3882,"Nicholson"
3885,"Mossiface, Wiseleigh, Murrindal +13"
3886,"Newmerella"
3887,"Lake Tyers, Wairewa, Nowa Nowa"
3888,"Cape Conran, Simpsons Creek, Waygara +16"
3889,"Bellbird Creek, Manorina, Errinundra +4"
3890,"Tonghi Creek, Cann River, Noorinbee +4"
3891,"Gipsy Point, Wallagaraugh, Wangarabell +4"
3892,"Mallacoota"
3893,"Tambo Crossing, Double Bridges, Timbarra +1"
3895,"Doctors Flat, Reedy Flat, Ensay North +1"
3896,"Tongio, Bindi, Brookville +2"
3898,"Cassilis, Bingo Munjie, Hinnomunjie +8"
3900,"Cobberas, Benambra"
3902,"Bumberrah, Johnsonville"
3903,"Swan Reach"
3904,"Metung"
3909,"Lake Bunga, Lake Tyers Beach, Kalimna +5"
3910,"Langwarrin"
3911,"Langwarrin South, Baxter"
3912,"Pearcedale, Somerville"
3913,"Tyabb"
3915,"Hastings, Tuerong"
3916,"Point Leo, Merricks, Shoreham"
3918,"Bittern"
3919,"Crib Point"
3920,"Hmas Cerberus"
3921,"Elizabeth Island, French Island"
3922,"Wimbledon Heights, Sunset Strip, Sunderland Bay +6"
3923,"Rhyll"
3925,"Churchill Island, Cape Woolamai, Newhaven +1"
3926,"Merricks Beach, Balnarring Beach, Merricks North +1"
3927,"Somers"
3928,"Main Ridge"
3929,"Flinders"
3930,"Mount Eliza"
3931,"Mornington"
3933,"Moorooduc"
3934,"Mount Martha"
3936,"Safety Beach, Arthurs Seat, Dromana"
3937,"Red Hill South, Red Hill"
3938,"McCrae"
3939,"Rosebud, Fingal, Cape Schanck +1"
3940,"Capel Sound"
3941,"St Andrews Beach, Tootgarook, Rye"
3942,"Blairgowrie"
3943,"Sorrento"
3944,"Portsea"
3945,"Jeetho, Krowera, Woodleigh +1"
3946,"Bena"
3950,"Whitelaw, Kardella South, Korumburra South +2"
3951,"Fairbank, Kardella, Jumbunna +4"
3953,"Wild Dog Valley, Boorool, Leongatha North +11"
3954,"Koonwarra"
3956,"Walkerville North, Walkerville South, Venus Bay +7"
3957,"Stony Creek (South Gippsland - Vic.)"
3958,"Buffalo"
3959,"Waratah Bay, Sandy Point, Fish Creek"
3960,"Bennison, Woorarra West, Boolarong +8"
3962,"Woorarra East, Agnes, Wonyip +2"
3964,"Port Franklin"
3965,"Port Welshpool"
3966,"Hazel Park, Welshpool, Binginwarri"
3967,"Hedley"
3971,"Langsborough, Robertsons Beach, Calrossie +18"
3975,"Lynbrook, Lyndhurst"
3976,"Hampton Park"
3977,"Junction Village, Sandhurst, Botanic Ridge +8"
3978,"Cardinia, Clyde North, Clyde"
3979,"Almurta, Kernot, Glen Alvie"
3980,"Warneet, Blind Bight, Tooradin"
3981,"Koo Wee Rup North, Dalmore, Bayles +4"
3984,"Pioneer Bay, Adams Estate, Tenby Point +9"
3987,"Nyora"
3988,"Mountain View, Poowong East, Poowong North +1"
3990,"Glen Forbes"
3991,"Bass"
3992,"West Creek, Dalyston, Ryanston"
3995,"Archies Creek, Harmers Haven, South Dudley +9"
3996,"Pound Creek, Inverloch"
